YearStart,YearEnd,LocationAbbr,LocationDesc,CountyName,DataSource,Topic,Category,Question,Response,Age,Sex,Race_Ethnicity,Risk_Factor,Risk_Factor_Repsonse,Data_Value_Unit,Data_Value_Type,Data_Value,Data_Value_Footnote_Symbol,Data_Value_Footnote,Low_Confidence_Limit,High_Confidence_Limit,Sample_Size
2022,2022,AL,Alabama,,Medicare FFS MA,,,Percentage of people with diagnosed cataract who had a treatment claim,Cataract surgery,All Ages,Both sexes,North American Native,Cataract,Total,%,Crude Prevalence,15.34,,,10.36,21.53,30
2022,2022,AL,Alabama,,Medicare FFS MA,,,Percentage of people with diagnosed cataract who had a treatment claim,Cataract surgery,All Ages,Both sexes,All races,Cataract,Total,%,Crude Prevalence,15.71,,,15.58,15.84,47350
2022,2022,AL,Alabama,,Medicare FFS MA,,,Percentage of people with diagnosed cataract who had a treatment claim,Cataract surgery,All Ages,Both sexes,Asian,Cataract,Total,%,Crude Prevalence,15.48,,,13.84,17.24,280
2022,2022,AL,Alabama,,Medicare FFS MA,,,Percentage of people with diagnosed cataract who had a treatment claim,Cataract surgery,All Ages,Both sexes,"Black, non-Hispanic",Cataract,Total,%,Crude Prevalence,11.57,,,11.34,11.82,7950
2022,2022,AL,Alabama,,Medicare FFS MA,,,Percentage of people with diagnosed cataract who had a treatment claim,Cataract surgery,All Ages,Both sexes,"Hispanic, any race",Cataract,Total,%,Crude Prevalence,16.13,,,14.61,17.74,350
2022,2022,AL,Alabama,,Medicare FFS MA,,,Percentage of people with diagnosed cataract who had a treatment claim,Cataract surgery,All Ages,Both sexes,Other,Cataract,Total,%,Crude Prevalence,16.11,,,13.73,18.73,140
2022,2022,AL,Alabama,,Medicare FFS MA,,,Percentage of people with diagnosed cataract who had a treatment claim,Cataract surgery,All Ages,Both sexes,"White, non-Hispanic",Cataract,Total,%,Crude Prevalence,16.96,,,16.8,17.11,38600
2022,2022,AK,Alaska,,Medicare FFS MA,,,Percentage of people with diagnosed cataract who had a treatment claim,Cataract surgery,All Ages,Both sexes,North American Native,Cataract,Total,%,Crude Prevalence,16.34,,,14.94,17.82,430
2022,2022,AK,Alaska,,Medicare FFS MA,,,Percentage of people with diagnosed cataract who had a treatment claim,Cataract surgery,All Ages,Both sexes,All races,Cataract,Total,%,Crude Prevalence,16.1,,,15.64,16.57,3850
2022,2022,AK,Alaska,,Medicare FFS MA,,,Percentage of people with diagnosed cataract who had a treatment claim,Cataract surgery,All Ages,Both sexes,Asian,Cataract,Total,%,Crude Prevalence,15.38,,,13.1,17.88,140
2022,2022,AK,Alaska,,Medicare FFS MA,,,Percentage of people with diagnosed cataract who had a treatment claim,Cataract surgery,All Ages,Both sexes,"Black, non-Hispanic",Cataract,Total,%,Crude Prevalence,11.92,,,9.2,15.1,60
2022,2022,AK,Alaska,,Medicare FFS MA,,,Percentage of people with diagnosed cataract who had a treatment claim,Cataract surgery,All Ages,Both sexes,"Hispanic, any race",Cataract,Total,%,Crude Prevalence,18.09,,,15.08,21.42,110
2022,2022,AK,Alaska,,Medicare FFS MA,,,Percentage of people with diagnosed cataract who had a treatment claim,Cataract surgery,All Ages,Both sexes,Other,Cataract,Total,%,Crude Prevalence,17.25,,,13.55,21.49,60
2022,2022,AK,Alaska,,Medicare FFS MA,,,Percentage of people with diagnosed cataract who had a treatment claim,Cataract surgery,All Ages,Both sexes,"White, non-Hispanic",Cataract,Total,%,Crude Prevalence,16.13,,,15.61,16.66,3060
2022,2022,AZ,Arizona,,Medicare FFS MA,,,Percentage of people with diagnosed cataract who had a treatment claim,Cataract surgery,All Ages,Both sexes,North American Native,Cataract,Total,%,Crude Prevalence,16.67,,,15.79,17.57,1140
2022,2022,AZ,Arizona,,Medicare FFS MA,,,Percentage of people with diagnosed cataract who had a treatment claim,Cataract surgery,All Ages,Both sexes,All races,Cataract,Total,%,Crude Prevalence,15.75,,,15.63,15.86,63650
2022,2022,AZ,Arizona,,Medicare FFS MA,,,Percentage of people with diagnosed cataract who had a treatment claim,Cataract surgery,All Ages,Both sexes,Asian,Cataract,Total,%,Crude Prevalence,14.54,,,13.76,15.34,1140
2022,2022,AZ,Arizona,,Medicare FFS MA,,,Percentage of people with diagnosed cataract who had a treatment claim,Cataract surgery,All Ages,Both sexes,"Black, non-Hispanic",Cataract,Total,%,Crude Prevalence,12.61,,,12.01,13.24,1430
2022,2022,AZ,Arizona,,Medicare FFS MA,,,Percentage of people with diagnosed cataract who had a treatment claim,Cataract surgery,All Ages,Both sexes,"Hispanic, any race",Cataract,Total,%,Crude Prevalence,14.36,,,14.05,14.67,7130
2022,2022,AZ,Arizona,,Medicare FFS MA,,,Percentage of people with diagnosed cataract who had a treatment claim,Cataract surgery,All Ages,Both sexes,Other,Cataract,Total,%,Crude Prevalence,17.02,,,15.76,18.33,570
2022,2022,AZ,Arizona,,Medicare FFS MA,,,Percentage of people with diagnosed cataract who had a treatment claim,Cataract surgery,All Ages,Both sexes,"White, non-Hispanic",Cataract,Total,%,Crude Prevalence,16.06,,,15.94,16.19,52240
2022,2022,AR,Arkansas,,Medicare FFS MA,,,Percentage of people with diagnosed cataract who had a treatment claim,Cataract surgery,All Ages,Both sexes,North American Native,Cataract,Total,%,Crude Prevalence,15.88,,,12.92,19.21,90
2022,2022,AR,Arkansas,,Medicare FFS MA,,,Percentage of people with diagnosed cataract who had a treatment claim,Cataract surgery,All Ages,Both sexes,All races,Cataract,Total,%,Crude Prevalence,16.23,,,16.06,16.4,29900
2022,2022,AR,Arkansas,,Medicare FFS MA,,,Percentage of people with diagnosed cataract who had a treatment claim,Cataract surgery,All Ages,Both sexes,Asian,Cataract,Total,%,Crude Prevalence,17.45,,,15.26,19.82,190
2022,2022,AR,Arkansas,,Medicare FFS MA,,,Percentage of people with diagnosed cataract who had a treatment claim,Cataract surgery,All Ages,Both sexes,"Black, non-Hispanic",Cataract,Total,%,Crude Prevalence,14.29,,,13.81,14.78,2880
2022,2022,AR,Arkansas,,Medicare FFS MA,,,Percentage of people with diagnosed cataract who had a treatment claim,Cataract surgery,All Ages,Both sexes,"Hispanic, any race",Cataract,Total,%,Crude Prevalence,17.19,,,15.77,18.69,450
2022,2022,AR,Arkansas,,Medicare FFS MA,,,Percentage of people with diagnosed cataract who had a treatment claim,Cataract surgery,All Ages,Both sexes,Other,Cataract,Total,%,Crude Prevalence,15.98,,,12.92,19.45,80
2022,2022,AR,Arkansas,,Medicare FFS MA,,,Percentage of people with diagnosed cataract who had a treatment claim,Cataract surgery,All Ages,Both sexes,"White, non-Hispanic",Cataract,Total,%,Crude Prevalence,16.45,,,16.27,16.64,26210
2022,2022,CA,California,,Medicare FFS MA,,,Percentage of people with diagnosed cataract who had a treatment claim,Cataract surgery,All Ages,Both sexes,North American Native,Cataract,Total,%,Crude Prevalence,16.25,,,15.12,17.43,650
2022,2022,CA,California,,Medicare FFS MA,,,Percentage of people with diagnosed cataract who had a treatment claim,Cataract surgery,All Ages,Both sexes,All races,Cataract,Total,%,Crude Prevalence,13.42,,,13.37,13.47,236100
2022,2022,CA,California,,Medicare FFS MA,,,Percentage of people with diagnosed cataract who had a treatment claim,Cataract surgery,All Ages,Both sexes,Asian,Cataract,Total,%,Crude Prevalence,12.14,,,12.01,12.27,30170
2022,2022,CA,California,,Medicare FFS MA,,,Percentage of people with diagnosed cataract who had a treatment claim,Cataract surgery,All Ages,Both sexes,"Black, non-Hispanic",Cataract,Total,%,Crude Prevalence,10.18,,,9.99,10.38,9380
2022,2022,CA,California,,Medicare FFS MA,,,Percentage of people with diagnosed cataract who had a treatment claim,Cataract surgery,All Ages,Both sexes,"Hispanic, any race",Cataract,Total,%,Crude Prevalence,12.26,,,12.16,12.37,45240
2022,2022,CA,California,,Medicare FFS MA,,,Percentage of people with diagnosed cataract who had a treatment claim,Cataract surgery,All Ages,Both sexes,Other,Cataract,Total,%,Crude Prevalence,12.54,,,12.22,12.87,4930
2022,2022,CA,California,,Medicare FFS MA,,,Percentage of people with diagnosed cataract who had a treatment claim,Cataract surgery,All Ages,Both sexes,"White, non-Hispanic",Cataract,Total,%,Crude Prevalence,14.49,,,14.42,14.55,145700
2022,2022,CO,Colorado,,Medicare FFS MA,,,Percentage of people with diagnosed cataract who had a treatment claim,Cataract surgery,All Ages,Both sexes,North American Native,Cataract,Total,%,Crude Prevalence,18.95,,,15.71,22.54,100
2022,2022,CO,Colorado,,Medicare FFS MA,,,Percentage of people with diagnosed cataract who had a treatment claim,Cataract surgery,All Ages,Both sexes,All races,Cataract,Total,%,Crude Prevalence,15.31,,,15.18,15.44,42950
2022,2022,CO,Colorado,,Medicare FFS MA,,,Percentage of people with diagnosed cataract who had a treatment claim,Cataract surgery,All Ages,Both sexes,Asian,Cataract,Total,%,Crude Prevalence,14.99,,,14,16.02,730
2022,2022,CO,Colorado,,Medicare FFS MA,,,Percentage of people with diagnosed cataract who had a treatment claim,Cataract surgery,All Ages,Both sexes,"Black, non-Hispanic",Cataract,Total,%,Crude Prevalence,13.67,,,12.87,14.5,950
2022,2022,CO,Colorado,,Medicare FFS MA,,,Percentage of people with diagnosed cataract who had a treatment claim,Cataract surgery,All Ages,Both sexes,"Hispanic, any race",Cataract,Total,%,Crude Prevalence,15.61,,,15.15,16.08,3690
2022,2022,CO,Colorado,,Medicare FFS MA,,,Percentage of people with diagnosed cataract who had a treatment claim,Cataract surgery,All Ages,Both sexes,Other,Cataract,Total,%,Crude Prevalence,14.62,,,13.09,16.24,290
2022,2022,CO,Colorado,,Medicare FFS MA,,,Percentage of people with diagnosed cataract who had a treatment claim,Cataract surgery,All Ages,Both sexes,"White, non-Hispanic",Cataract,Total,%,Crude Prevalence,15.33,,,15.19,15.47,37180
2022,2022,CT,Connecticut,,Medicare FFS MA,,,Percentage of people with diagnosed cataract who had a treatment claim,Cataract surgery,All Ages,Both sexes,North American Native,Cataract,Total,%,Crude Prevalence,11.76,,,7.12,17.95,20
2022,2022,CT,Connecticut,,Medicare FFS MA,,,Percentage of people with diagnosed cataract who had a treatment claim,Cataract surgery,All Ages,Both sexes,All races,Cataract,Total,%,Crude Prevalence,11.19,,,11.06,11.32,26550
2022,2022,CT,Connecticut,,Medicare FFS MA,,,Percentage of people with diagnosed cataract who had a treatment claim,Cataract surgery,All Ages,Both sexes,Asian,Cataract,Total,%,Crude Prevalence,10.49,,,9.65,11.37,520
2022,2022,CT,Connecticut,,Medicare FFS MA,,,Percentage of people with diagnosed cataract who had a treatment claim,Cataract surgery,All Ages,Both sexes,"Black, non-Hispanic",Cataract,Total,%,Crude Prevalence,9.14,,,8.71,9.6,1490
2022,2022,CT,Connecticut,,Medicare FFS MA,,,Percentage of people with diagnosed cataract who had a treatment claim,Cataract surgery,All Ages,Both sexes,"Hispanic, any race",Cataract,Total,%,Crude Prevalence,10.11,,,9.64,10.6,1530
2022,2022,CT,Connecticut,,Medicare FFS MA,,,Percentage of people with diagnosed cataract who had a treatment claim,Cataract surgery,All Ages,Both sexes,Other,Cataract,Total,%,Crude Prevalence,12.21,,,10.76,13.78,230
2022,2022,CT,Connecticut,,Medicare FFS MA,,,Percentage of people with diagnosed cataract who had a treatment claim,Cataract surgery,All Ages,Both sexes,"White, non-Hispanic",Cataract,Total,%,Crude Prevalence,11.45,,,11.31,11.59,22760
2022,2022,DE,Delaware,,Medicare FFS MA,,,Percentage of people with diagnosed cataract who had a treatment claim,Cataract surgery,All Ages,Both sexes,North American Native,Cataract,Total,%,Crude Prevalence,,,Value suppressed,,,
2022,2022,DE,Delaware,,Medicare FFS MA,,,Percentage of people with diagnosed cataract who had a treatment claim,Cataract surgery,All Ages,Both sexes,All races,Cataract,Total,%,Crude Prevalence,12.08,,,11.86,12.31,9690
2022,2022,DE,Delaware,,Medicare FFS MA,,,Percentage of people with diagnosed cataract who had a treatment claim,Cataract surgery,All Ages,Both sexes,Asian,Cataract,Total,%,Crude Prevalence,11.69,,,10.06,13.48,170
2022,2022,DE,Delaware,,Medicare FFS MA,,,Percentage of people with diagnosed cataract who had a treatment claim,Cataract surgery,All Ages,Both sexes,"Black, non-Hispanic",Cataract,Total,%,Crude Prevalence,11.03,,,10.46,11.62,1250
2022,2022,DE,Delaware,,Medicare FFS MA,,,Percentage of people with diagnosed cataract who had a treatment claim,Cataract surgery,All Ages,Both sexes,"Hispanic, any race",Cataract,Total,%,Crude Prevalence,11.6,,,10.15,13.18,210
2022,2022,DE,Delaware,,Medicare FFS MA,,,Percentage of people with diagnosed cataract who had a treatment claim,Cataract surgery,All Ages,Both sexes,Other,Cataract,Total,%,Crude Prevalence,11.13,,,8.7,13.97,70
2022,2022,DE,Delaware,,Medicare FFS MA,,,Percentage of people with diagnosed cataract who had a treatment claim,Cataract surgery,All Ages,Both sexes,"White, non-Hispanic",Cataract,Total,%,Crude Prevalence,12.29,,,12.04,12.55,8000
2022,2022,DC,District Of Columbia,,Medicare FFS MA,,,Percentage of people with diagnosed cataract who had a treatment claim,Cataract surgery,All Ages,Both sexes,North American Native,Cataract,Total,%,Crude Prevalence,,,Value suppressed,,,
2022,2022,DC,District Of Columbia,,Medicare FFS MA,,,Percentage of people with diagnosed cataract who had a treatment claim,Cataract surgery,All Ages,Both sexes,All races,Cataract,Total,%,Crude Prevalence,10.3,,,9.93,10.67,2690
2022,2022,DC,District Of Columbia,,Medicare FFS MA,,,Percentage of people with diagnosed cataract who had a treatment claim,Cataract surgery,All Ages,Both sexes,Asian,Cataract,Total,%,Crude Prevalence,9.73,,,7.16,12.85,40
2022,2022,DC,District Of Columbia,,Medicare FFS MA,,,Percentage of people with diagnosed cataract who had a treatment claim,Cataract surgery,All Ages,Both sexes,"Black, non-Hispanic",Cataract,Total,%,Crude Prevalence,8.5,,,8.07,8.94,1360
2022,2022,DC,District Of Columbia,,Medicare FFS MA,,,Percentage of people with diagnosed cataract who had a treatment claim,Cataract surgery,All Ages,Both sexes,"Hispanic, any race",Cataract,Total,%,Crude Prevalence,9.72,,,8.05,11.59,110
2022,2022,DC,District Of Columbia,,Medicare FFS MA,,,Percentage of people with diagnosed cataract who had a treatment claim,Cataract surgery,All Ages,Both sexes,Other,Cataract,Total,%,Crude Prevalence,11.63,,,7.98,16.18,30
2022,2022,DC,District Of Columbia,,Medicare FFS MA,,,Percentage of people with diagnosed cataract who had a treatment claim,Cataract surgery,All Ages,Both sexes,"White, non-Hispanic",Cataract,Total,%,Crude Prevalence,13.83,,,13.1,14.59,1150
2022,2022,FL,Florida,,Medicare FFS MA,,,Percentage of people with diagnosed cataract who had a treatment claim,Cataract surgery,All Ages,Both sexes,North American Native,Cataract,Total,%,Crude Prevalence,14.7,,,12.41,17.22,130
2022,2022,FL,Florida,,Medicare FFS MA,,,Percentage of people with diagnosed cataract who had a treatment claim,Cataract surgery,All Ages,Both sexes,All races,Cataract,Total,%,Crude Prevalence,15.24,,,15.18,15.3,218500
2022,2022,FL,Florida,,Medicare FFS MA,,,Percentage of people with diagnosed cataract who had a treatment claim,Cataract surgery,All Ages,Both sexes,Asian,Cataract,Total,%,Crude Prevalence,15.03,,,14.58,15.48,3630
2022,2022,FL,Florida,,Medicare FFS MA,,,Percentage of people with diagnosed cataract who had a treatment claim,Cataract surgery,All Ages,Both sexes,"Black, non-Hispanic",Cataract,Total,%,Crude Prevalence,11.62,,,11.45,11.79,16010
2022,2022,FL,Florida,,Medicare FFS MA,,,Percentage of people with diagnosed cataract who had a treatment claim,Cataract surgery,All Ages,Both sexes,"Hispanic, any race",Cataract,Total,%,Crude Prevalence,13.09,,,12.95,13.23,29710
2022,2022,FL,Florida,,Medicare FFS MA,,,Percentage of people with diagnosed cataract who had a treatment claim,Cataract surgery,All Ages,Both sexes,Other,Cataract,Total,%,Crude Prevalence,14.78,,,14.13,15.46,1640
2022,2022,FL,Florida,,Medicare FFS MA,,,Percentage of people with diagnosed cataract who had a treatment claim,Cataract surgery,All Ages,Both sexes,"White, non-Hispanic",Cataract,Total,%,Crude Prevalence,16.21,,,16.14,16.28,167300
2022,2022,GA,Georgia,,Medicare FFS MA,,,Percentage of people with diagnosed cataract who had a treatment claim,Cataract surgery,All Ages,Both sexes,North American Native,Cataract,Total,%,Crude Prevalence,12.37,,,8,17.97,20
2022,2022,GA,Georgia,,Medicare FFS MA,,,Percentage of people with diagnosed cataract who had a treatment claim,Cataract surgery,All Ages,Both sexes,All races,Cataract,Total,%,Crude Prevalence,14.68,,,14.58,14.77,77590
2022,2022,GA,Georgia,,Medicare FFS MA,,,Percentage of people with diagnosed cataract who had a treatment claim,Cataract surgery,All Ages,Both sexes,Asian,Cataract,Total,%,Crude Prevalence,13.59,,,13,14.21,1690
2022,2022,GA,Georgia,,Medicare FFS MA,,,Percentage of people with diagnosed cataract who had a treatment claim,Cataract surgery,All Ages,Both sexes,"Black, non-Hispanic",Cataract,Total,%,Crude Prevalence,11.85,,,11.68,12.02,16470
2022,2022,GA,Georgia,,Medicare FFS MA,,,Percentage of people with diagnosed cataract who had a treatment claim,Cataract surgery,All Ages,Both sexes,"Hispanic, any race",Cataract,Total,%,Crude Prevalence,15.08,,,14.4,15.78,1580
2022,2022,GA,Georgia,,Medicare FFS MA,,,Percentage of people with diagnosed cataract who had a treatment claim,Cataract surgery,All Ages,Both sexes,Other,Cataract,Total,%,Crude Prevalence,14.36,,,13.1,15.7,410
2022,2022,GA,Georgia,,Medicare FFS MA,,,Percentage of people with diagnosed cataract who had a treatment claim,Cataract surgery,All Ages,Both sexes,"White, non-Hispanic",Cataract,Total,%,Crude Prevalence,15.79,,,15.67,15.91,57420
2022,2022,HI,Hawaii,,Medicare FFS MA,,,Percentage of people with diagnosed cataract who had a treatment claim,Cataract surgery,All Ages,Both sexes,North American Native,Cataract,Total,%,Crude Prevalence,,,Value suppressed,,,
2022,2022,HI,Hawaii,,Medicare FFS MA,,,Percentage of people with diagnosed cataract who had a treatment claim,Cataract surgery,All Ages,Both sexes,All races,Cataract,Total,%,Crude Prevalence,11.85,,,11.64,12.06,10650
2022,2022,HI,Hawaii,,Medicare FFS MA,,,Percentage of people with diagnosed cataract who had a treatment claim,Cataract surgery,All Ages,Both sexes,Asian,Cataract,Total,%,Crude Prevalence,11.56,,,11.27,11.86,5290
2022,2022,HI,Hawaii,,Medicare FFS MA,,,Percentage of people with diagnosed cataract who had a treatment claim,Cataract surgery,All Ages,Both sexes,"Black, non-Hispanic",Cataract,Total,%,Crude Prevalence,9.72,,,7.62,12.18,70
2022,2022,HI,Hawaii,,Medicare FFS MA,,,Percentage of people with diagnosed cataract who had a treatment claim,Cataract surgery,All Ages,Both sexes,"Hispanic, any race",Cataract,Total,%,Crude Prevalence,12.11,,,11.28,12.99,690
2022,2022,HI,Hawaii,,Medicare FFS MA,,,Percentage of people with diagnosed cataract who had a treatment claim,Cataract surgery,All Ages,Both sexes,Other,Cataract,Total,%,Crude Prevalence,11.86,,,11.26,12.48,1290
2022,2022,HI,Hawaii,,Medicare FFS MA,,,Percentage of people with diagnosed cataract who had a treatment claim,Cataract surgery,All Ages,Both sexes,"White, non-Hispanic",Cataract,Total,%,Crude Prevalence,12.33,,,11.94,12.73,3310
2022,2022,ID,Idaho,,Medicare FFS MA,,,Percentage of people with diagnosed cataract who had a treatment claim,Cataract surgery,All Ages,Both sexes,North American Native,Cataract,Total,%,Crude Prevalence,18.56,,,15.48,21.96,110
2022,2022,ID,Idaho,,Medicare FFS MA,,,Percentage of people with diagnosed cataract who had a treatment claim,Cataract surgery,All Ages,Both sexes,All races,Cataract,Total,%,Crude Prevalence,15.09,,,14.89,15.3,17780
2022,2022,ID,Idaho,,Medicare FFS MA,,,Percentage of people with diagnosed cataract who had a treatment claim,Cataract surgery,All Ages,Both sexes,Asian,Cataract,Total,%,Crude Prevalence,12.16,,,10.27,14.27,130
2022,2022,ID,Idaho,,Medicare FFS MA,,,Percentage of people with diagnosed cataract who had a treatment claim,Cataract surgery,All Ages,Both sexes,"Black, non-Hispanic",Cataract,Total,%,Crude Prevalence,14.61,,,10.6,19.42,40
2022,2022,ID,Idaho,,Medicare FFS MA,,,Percentage of people with diagnosed cataract who had a treatment claim,Cataract surgery,All Ages,Both sexes,"Hispanic, any race",Cataract,Total,%,Crude Prevalence,14.2,,,13.14,15.3,590
2022,2022,ID,Idaho,,Medicare FFS MA,,,Percentage of people with diagnosed cataract who had a treatment claim,Cataract surgery,All Ages,Both sexes,Other,Cataract,Total,%,Crude Prevalence,15.22,,,12.56,18.2,100
2022,2022,ID,Idaho,,Medicare FFS MA,,,Percentage of people with diagnosed cataract who had a treatment claim,Cataract surgery,All Ages,Both sexes,"White, non-Hispanic",Cataract,Total,%,Crude Prevalence,15.13,,,14.92,15.35,16820
2022,2022,IL,Illinois,,Medicare FFS MA,,,Percentage of people with diagnosed cataract who had a treatment claim,Cataract surgery,All Ages,Both sexes,North American Native,Cataract,Total,%,Crude Prevalence,12.29,,,7.87,18.01,20
2022,2022,IL,Illinois,,Medicare FFS MA,,,Percentage of people with diagnosed cataract who had a treatment claim,Cataract surgery,All Ages,Both sexes,All races,Cataract,Total,%,Crude Prevalence,13.77,,,13.69,13.85,90340
2022,2022,IL,Illinois,,Medicare FFS MA,,,Percentage of people with diagnosed cataract who had a treatment claim,Cataract surgery,All Ages,Both sexes,Asian,Cataract,Total,%,Crude Prevalence,13.38,,,12.92,13.85,2770
2022,2022,IL,Illinois,,Medicare FFS MA,,,Percentage of people with diagnosed cataract who had a treatment claim,Cataract surgery,All Ages,Both sexes,"Black, non-Hispanic",Cataract,Total,%,Crude Prevalence,11.42,,,11.19,11.66,8210
2022,2022,IL,Illinois,,Medicare FFS MA,,,Percentage of people with diagnosed cataract who had a treatment claim,Cataract surgery,All Ages,Both sexes,"Hispanic, any race",Cataract,Total,%,Crude Prevalence,13.5,,,13.17,13.84,5480
2022,2022,IL,Illinois,,Medicare FFS MA,,,Percentage of people with diagnosed cataract who had a treatment claim,Cataract surgery,All Ages,Both sexes,Other,Cataract,Total,%,Crude Prevalence,12.83,,,11.98,13.72,740
2022,2022,IL,Illinois,,Medicare FFS MA,,,Percentage of people with diagnosed cataract who had a treatment claim,Cataract surgery,All Ages,Both sexes,"White, non-Hispanic",Cataract,Total,%,Crude Prevalence,14.15,,,14.05,14.24,73110
2022,2022,IN,Indiana,,Medicare FFS MA,,,Percentage of people with diagnosed cataract who had a treatment claim,Cataract surgery,All Ages,Both sexes,North American Native,Cataract,Total,%,Crude Prevalence,20,,,12.83,28.93,20
2022,2022,IN,Indiana,,Medicare FFS MA,,,Percentage of people with diagnosed cataract who had a treatment claim,Cataract surgery,All Ages,Both sexes,All races,Cataract,Total,%,Crude Prevalence,16.63,,,16.51,16.76,60260
2022,2022,IN,Indiana,,Medicare FFS MA,,,Percentage of people with diagnosed cataract who had a treatment claim,Cataract surgery,All Ages,Both sexes,Asian,Cataract,Total,%,Crude Prevalence,16.08,,,14.72,17.51,440
2022,2022,IN,Indiana,,Medicare FFS MA,,,Percentage of people with diagnosed cataract who had a treatment claim,Cataract surgery,All Ages,Both sexes,"Black, non-Hispanic",Cataract,Total,%,Crude Prevalence,13.38,,,12.94,13.82,3100
2022,2022,IN,Indiana,,Medicare FFS MA,,,Percentage of people with diagnosed cataract who had a treatment claim,Cataract surgery,All Ages,Both sexes,"Hispanic, any race",Cataract,Total,%,Crude Prevalence,15.95,,,15.07,16.86,1040
2022,2022,IN,Indiana,,Medicare FFS MA,,,Percentage of people with diagnosed cataract who had a treatment claim,Cataract surgery,All Ages,Both sexes,Other,Cataract,Total,%,Crude Prevalence,15.72,,,13.83,17.75,220
2022,2022,IN,Indiana,,Medicare FFS MA,,,Percentage of people with diagnosed cataract who had a treatment claim,Cataract surgery,All Ages,Both sexes,"White, non-Hispanic",Cataract,Total,%,Crude Prevalence,16.89,,,16.76,17.01,55440
2022,2022,IA,Iowa,,Medicare FFS MA,,,Percentage of people with diagnosed cataract who had a treatment claim,Cataract surgery,All Ages,Both sexes,North American Native,Cataract,Total,%,Crude Prevalence,16.76,,,11.6,23.05,30
2022,2022,IA,Iowa,,Medicare FFS MA,,,Percentage of people with diagnosed cataract who had a treatment claim,Cataract surgery,All Ages,Both sexes,All races,Cataract,Total,%,Crude Prevalence,12.99,,,12.86,13.13,31240
2022,2022,IA,Iowa,,Medicare FFS MA,,,Percentage of people with diagnosed cataract who had a treatment claim,Cataract surgery,All Ages,Both sexes,Asian,Cataract,Total,%,Crude Prevalence,14.24,,,12.51,16.11,210
2022,2022,IA,Iowa,,Medicare FFS MA,,,Percentage of people with diagnosed cataract who had a treatment claim,Cataract surgery,All Ages,Both sexes,"Black, non-Hispanic",Cataract,Total,%,Crude Prevalence,10.92,,,9.87,12.04,350
2022,2022,IA,Iowa,,Medicare FFS MA,,,Percentage of people with diagnosed cataract who had a treatment claim,Cataract surgery,All Ages,Both sexes,"Hispanic, any race",Cataract,Total,%,Crude Prevalence,13.86,,,12.58,15.22,380
2022,2022,IA,Iowa,,Medicare FFS MA,,,Percentage of people with diagnosed cataract who had a treatment claim,Cataract surgery,All Ages,Both sexes,Other,Cataract,Total,%,Crude Prevalence,13.19,,,10.84,15.84,100
2022,2022,IA,Iowa,,Medicare FFS MA,,,Percentage of people with diagnosed cataract who had a treatment claim,Cataract surgery,All Ages,Both sexes,"White, non-Hispanic",Cataract,Total,%,Crude Prevalence,13,,,12.86,13.14,30170
2022,2022,KS,Kansas,,Medicare FFS MA,,,Percentage of people with diagnosed cataract who had a treatment claim,Cataract surgery,All Ages,Both sexes,North American Native,Cataract,Total,%,Crude Prevalence,15.96,,,13.24,18.98,110
2022,2022,KS,Kansas,,Medicare FFS MA,,,Percentage of people with diagnosed cataract who had a treatment claim,Cataract surgery,All Ages,Both sexes,All races,Cataract,Total,%,Crude Prevalence,13.12,,,12.97,13.27,25670
2022,2022,KS,Kansas,,Medicare FFS MA,,,Percentage of people with diagnosed cataract who had a treatment claim,Cataract surgery,All Ages,Both sexes,Asian,Cataract,Total,%,Crude Prevalence,12.69,,,11.27,14.21,260
2022,2022,KS,Kansas,,Medicare FFS MA,,,Percentage of people with diagnosed cataract who had a treatment claim,Cataract surgery,All Ages,Both sexes,"Black, non-Hispanic",Cataract,Total,%,Crude Prevalence,11.6,,,10.87,12.35,850
2022,2022,KS,Kansas,,Medicare FFS MA,,,Percentage of people with diagnosed cataract who had a treatment claim,Cataract surgery,All Ages,Both sexes,"Hispanic, any race",Cataract,Total,%,Crude Prevalence,14.77,,,13.83,15.76,780
2022,2022,KS,Kansas,,Medicare FFS MA,,,Percentage of people with diagnosed cataract who had a treatment claim,Cataract surgery,All Ages,Both sexes,Other,Cataract,Total,%,Crude Prevalence,12.62,,,10.46,15.04,110
2022,2022,KS,Kansas,,Medicare FFS MA,,,Percentage of people with diagnosed cataract who had a treatment claim,Cataract surgery,All Ages,Both sexes,"White, non-Hispanic",Cataract,Total,%,Crude Prevalence,13.13,,,12.97,13.28,23570
2022,2022,KY,Kentucky,,Medicare FFS MA,,,Percentage of people with diagnosed cataract who had a treatment claim,Cataract surgery,All Ages,Both sexes,North American Native,Cataract,Total,%,Crude Prevalence,,,Value suppressed,,,
2022,2022,KY,Kentucky,,Medicare FFS MA,,,Percentage of people with diagnosed cataract who had a treatment claim,Cataract surgery,All Ages,Both sexes,All races,Cataract,Total,%,Crude Prevalence,16.59,,,16.45,16.74,42560
2022,2022,KY,Kentucky,,Medicare FFS MA,,,Percentage of people with diagnosed cataract who had a treatment claim,Cataract surgery,All Ages,Both sexes,Asian,Cataract,Total,%,Crude Prevalence,16.55,,,14.53,18.72,210
2022,2022,KY,Kentucky,,Medicare FFS MA,,,Percentage of people with diagnosed cataract who had a treatment claim,Cataract surgery,All Ages,Both sexes,"Black, non-Hispanic",Cataract,Total,%,Crude Prevalence,13.84,,,13.28,14.41,2020
2022,2022,KY,Kentucky,,Medicare FFS MA,,,Percentage of people with diagnosed cataract who had a treatment claim,Cataract surgery,All Ages,Both sexes,"Hispanic, any race",Cataract,Total,%,Crude Prevalence,18.01,,,16.18,19.96,300
2022,2022,KY,Kentucky,,Medicare FFS MA,,,Percentage of people with diagnosed cataract who had a treatment claim,Cataract surgery,All Ages,Both sexes,Other,Cataract,Total,%,Crude Prevalence,16.58,,,13.95,19.48,120
2022,2022,KY,Kentucky,,Medicare FFS MA,,,Percentage of people with diagnosed cataract who had a treatment claim,Cataract surgery,All Ages,Both sexes,"White, non-Hispanic",Cataract,Total,%,Crude Prevalence,16.75,,,16.6,16.9,39910
2022,2022,LA,Louisiana,,Medicare FFS MA,,,Percentage of people with diagnosed cataract who had a treatment claim,Cataract surgery,All Ages,Both sexes,North American Native,Cataract,Total,%,Crude Prevalence,14.92,,,10.07,20.96,30
2022,2022,LA,Louisiana,,Medicare FFS MA,,,Percentage of people with diagnosed cataract who had a treatment claim,Cataract surgery,All Ages,Both sexes,All races,Cataract,Total,%,Crude Prevalence,15.96,,,15.81,16.1,40850
2022,2022,LA,Louisiana,,Medicare FFS MA,,,Percentage of people with diagnosed cataract who had a treatment claim,Cataract surgery,All Ages,Both sexes,Asian,Cataract,Total,%,Crude Prevalence,15.73,,,14.32,17.21,390
2022,2022,LA,Louisiana,,Medicare FFS MA,,,Percentage of people with diagnosed cataract who had a treatment claim,Cataract surgery,All Ages,Both sexes,"Black, non-Hispanic",Cataract,Total,%,Crude Prevalence,13.71,,,13.45,13.97,9460
2022,2022,LA,Louisiana,,Medicare FFS MA,,,Percentage of people with diagnosed cataract who had a treatment claim,Cataract surgery,All Ages,Both sexes,"Hispanic, any race",Cataract,Total,%,Crude Prevalence,16,,,15.12,16.91,1050
2022,2022,LA,Louisiana,,Medicare FFS MA,,,Percentage of people with diagnosed cataract who had a treatment claim,Cataract surgery,All Ages,Both sexes,Other,Cataract,Total,%,Crude Prevalence,15.24,,,13.04,17.64,150
2022,2022,LA,Louisiana,,Medicare FFS MA,,,Percentage of people with diagnosed cataract who had a treatment claim,Cataract surgery,All Ages,Both sexes,"White, non-Hispanic",Cataract,Total,%,Crude Prevalence,16.84,,,16.67,17.02,29770
2022,2022,ME,Maine,,Medicare FFS MA,,,Percentage of people with diagnosed cataract who had a treatment claim,Cataract surgery,All Ages,Both sexes,North American Native,Cataract,Total,%,Crude Prevalence,18.28,,,13,24.6,30
2022,2022,ME,Maine,,Medicare FFS MA,,,Percentage of people with diagnosed cataract who had a treatment claim,Cataract surgery,All Ages,Both sexes,All races,Cataract,Total,%,Crude Prevalence,12.97,,,12.77,13.18,13410
2022,2022,ME,Maine,,Medicare FFS MA,,,Percentage of people with diagnosed cataract who had a treatment claim,Cataract surgery,All Ages,Both sexes,Asian,Cataract,Total,%,Crude Prevalence,15.98,,,12.97,19.37,90
2022,2022,ME,Maine,,Medicare FFS MA,,,Percentage of people with diagnosed cataract who had a treatment claim,Cataract surgery,All Ages,Both sexes,"Black, non-Hispanic",Cataract,Total,%,Crude Prevalence,12.69,,,9.3,16.76,40
2022,2022,ME,Maine,,Medicare FFS MA,,,Percentage of people with diagnosed cataract who had a treatment claim,Cataract surgery,All Ages,Both sexes,"Hispanic, any race",Cataract,Total,%,Crude Prevalence,13.32,,,10.51,16.55,70
2022,2022,ME,Maine,,Medicare FFS MA,,,Percentage of people with diagnosed cataract who had a treatment claim,Cataract surgery,All Ages,Both sexes,Other,Cataract,Total,%,Crude Prevalence,14.81,,,11.62,18.48,60
2022,2022,ME,Maine,,Medicare FFS MA,,,Percentage of people with diagnosed cataract who had a treatment claim,Cataract surgery,All Ages,Both sexes,"White, non-Hispanic",Cataract,Total,%,Crude Prevalence,12.94,,,12.73,13.15,13120
2022,2022,MD,Maryland,,Medicare FFS MA,,,Percentage of people with diagnosed cataract who had a treatment claim,Cataract surgery,All Ages,Both sexes,North American Native,Cataract,Total,%,Crude Prevalence,15.09,,,8.88,23.35,20
2022,2022,MD,Maryland,,Medicare FFS MA,,,Percentage of people with diagnosed cataract who had a treatment claim,Cataract surgery,All Ages,Both sexes,All races,Cataract,Total,%,Crude Prevalence,12.93,,,12.81,13.05,37700
2022,2022,MD,Maryland,,Medicare FFS MA,,,Percentage of people with diagnosed cataract who had a treatment claim,Cataract surgery,All Ages,Both sexes,Asian,Cataract,Total,%,Crude Prevalence,13.19,,,12.6,13.8,1630
2022,2022,MD,Maryland,,Medicare FFS MA,,,Percentage of people with diagnosed cataract who had a treatment claim,Cataract surgery,All Ages,Both sexes,"Black, non-Hispanic",Cataract,Total,%,Crude Prevalence,11.43,,,11.2,11.67,7940
2022,2022,MD,Maryland,,Medicare FFS MA,,,Percentage of people with diagnosed cataract who had a treatment claim,Cataract surgery,All Ages,Both sexes,"Hispanic, any race",Cataract,Total,%,Crude Prevalence,12.25,,,11.56,12.97,1030
2022,2022,MD,Maryland,,Medicare FFS MA,,,Percentage of people with diagnosed cataract who had a treatment claim,Cataract surgery,All Ages,Both sexes,Other,Cataract,Total,%,Crude Prevalence,12.4,,,11.25,13.62,380
2022,2022,MD,Maryland,,Medicare FFS MA,,,Percentage of people with diagnosed cataract who had a treatment claim,Cataract surgery,All Ages,Both sexes,"White, non-Hispanic",Cataract,Total,%,Crude Prevalence,13.47,,,13.32,13.62,26710
2022,2022,MA,Massachusetts,,Medicare FFS MA,,,Percentage of people with diagnosed cataract who had a treatment claim,Cataract surgery,All Ages,Both sexes,North American Native,Cataract,Total,%,Crude Prevalence,15.06,,,9.99,21.42,20
2022,2022,MA,Massachusetts,,Medicare FFS MA,,,Percentage of people with diagnosed cataract who had a treatment claim,Cataract surgery,All Ages,Both sexes,All races,Cataract,Total,%,Crude Prevalence,12.13,,,12.04,12.23,51810
2022,2022,MA,Massachusetts,,Medicare FFS MA,,,Percentage of people with diagnosed cataract who had a treatment claim,Cataract surgery,All Ages,Both sexes,Asian,Cataract,Total,%,Crude Prevalence,10.94,,,10.44,11.46,1610
2022,2022,MA,Massachusetts,,Medicare FFS MA,,,Percentage of people with diagnosed cataract who had a treatment claim,Cataract surgery,All Ages,Both sexes,"Black, non-Hispanic",Cataract,Total,%,Crude Prevalence,9.52,,,9.1,9.95,1780
2022,2022,MA,Massachusetts,,Medicare FFS MA,,,Percentage of people with diagnosed cataract who had a treatment claim,Cataract surgery,All Ages,Both sexes,"Hispanic, any race",Cataract,Total,%,Crude Prevalence,10.21,,,9.84,10.58,2680
2022,2022,MA,Massachusetts,,Medicare FFS MA,,,Percentage of people with diagnosed cataract who had a treatment claim,Cataract surgery,All Ages,Both sexes,Other,Cataract,Total,%,Crude Prevalence,11.63,,,10.67,12.64,490
2022,2022,MA,Massachusetts,,Medicare FFS MA,,,Percentage of people with diagnosed cataract who had a treatment claim,Cataract surgery,All Ages,Both sexes,"White, non-Hispanic",Cataract,Total,%,Crude Prevalence,12.46,,,12.35,12.57,45240
2022,2022,MI,Michigan,,Medicare FFS MA,,,Percentage of people with diagnosed cataract who had a treatment claim,Cataract surgery,All Ages,Both sexes,North American Native,Cataract,Total,%,Crude Prevalence,19.32,,,17.17,21.61,240
2022,2022,MI,Michigan,,Medicare FFS MA,,,Percentage of people with diagnosed cataract who had a treatment claim,Cataract surgery,All Ages,Both sexes,All races,Cataract,Total,%,Crude Prevalence,15.23,,,15.14,15.32,90580
2022,2022,MI,Michigan,,Medicare FFS MA,,,Percentage of people with diagnosed cataract who had a treatment claim,Cataract surgery,All Ages,Both sexes,Asian,Cataract,Total,%,Crude Prevalence,14.17,,,13.41,14.96,1120
2022,2022,MI,Michigan,,Medicare FFS MA,,,Percentage of people with diagnosed cataract who had a treatment claim,Cataract surgery,All Ages,Both sexes,"Black, non-Hispanic",Cataract,Total,%,Crude Prevalence,12,,,11.74,12.27,7200
2022,2022,MI,Michigan,,Medicare FFS MA,,,Percentage of people with diagnosed cataract who had a treatment claim,Cataract surgery,All Ages,Both sexes,"Hispanic, any race",Cataract,Total,%,Crude Prevalence,15.53,,,14.82,16.25,1550
2022,2022,MI,Michigan,,Medicare FFS MA,,,Percentage of people with diagnosed cataract who had a treatment claim,Cataract surgery,All Ages,Both sexes,Other,Cataract,Total,%,Crude Prevalence,14.67,,,13.55,15.84,550
2022,2022,MI,Michigan,,Medicare FFS MA,,,Percentage of people with diagnosed cataract who had a treatment claim,Cataract surgery,All Ages,Both sexes,"White, non-Hispanic",Cataract,Total,%,Crude Prevalence,15.62,,,15.52,15.72,79910
2022,2022,MN,Minnesota,,Medicare FFS MA,,,Percentage of people with diagnosed cataract who had a treatment claim,Cataract surgery,All Ages,Both sexes,North American Native,Cataract,Total,%,Crude Prevalence,17.43,,,15.52,19.47,250
2022,2022,MN,Minnesota,,Medicare FFS MA,,,Percentage of people with diagnosed cataract who had a treatment claim,Cataract surgery,All Ages,Both sexes,All races,Cataract,Total,%,Crude Prevalence,14.84,,,14.72,14.96,49290
2022,2022,MN,Minnesota,,Medicare FFS MA,,,Percentage of people with diagnosed cataract who had a treatment claim,Cataract surgery,All Ages,Both sexes,Asian,Cataract,Total,%,Crude Prevalence,14.04,,,13.09,15.04,700
2022,2022,MN,Minnesota,,Medicare FFS MA,,,Percentage of people with diagnosed cataract who had a treatment claim,Cataract surgery,All Ages,Both sexes,"Black, non-Hispanic",Cataract,Total,%,Crude Prevalence,12.77,,,11.99,13.59,860
2022,2022,MN,Minnesota,,Medicare FFS MA,,,Percentage of people with diagnosed cataract who had a treatment claim,Cataract surgery,All Ages,Both sexes,"Hispanic, any race",Cataract,Total,%,Crude Prevalence,14.28,,,13.11,15.52,470
2022,2022,MN,Minnesota,,Medicare FFS MA,,,Percentage of people with diagnosed cataract who had a treatment claim,Cataract surgery,All Ages,Both sexes,Other,Cataract,Total,%,Crude Prevalence,15.84,,,14.17,17.62,280
2022,2022,MN,Minnesota,,Medicare FFS MA,,,Percentage of people with diagnosed cataract who had a treatment claim,Cataract surgery,All Ages,Both sexes,"White, non-Hispanic",Cataract,Total,%,Crude Prevalence,14.89,,,14.76,15.01,46710
2022,2022,MS,Mississippi,,Medicare FFS MA,,,Percentage of people with diagnosed cataract who had a treatment claim,Cataract surgery,All Ages,Both sexes,North American Native,Cataract,Total,%,Crude Prevalence,14.44,,,9.66,20.44,30
2022,2022,MS,Mississippi,,Medicare FFS MA,,,Percentage of people with diagnosed cataract who had a treatment claim,Cataract surgery,All Ages,Both sexes,All races,Cataract,Total,%,Crude Prevalence,16.61,,,16.44,16.79,28030
2022,2022,MS,Mississippi,,Medicare FFS MA,,,Percentage of people with diagnosed cataract who had a treatment claim,Cataract surgery,All Ages,Both sexes,Asian,Cataract,Total,%,Crude Prevalence,13.46,,,11.16,16.03,110
2022,2022,MS,Mississippi,,Medicare FFS MA,,,Percentage of people with diagnosed cataract who had a treatment claim,Cataract surgery,All Ages,Both sexes,"Black, non-Hispanic",Cataract,Total,%,Crude Prevalence,13.65,,,13.36,13.96,6880
2022,2022,MS,Mississippi,,Medicare FFS MA,,,Percentage of people with diagnosed cataract who had a treatment claim,Cataract surgery,All Ages,Both sexes,"Hispanic, any race",Cataract,Total,%,Crude Prevalence,16.85,,,14.67,19.21,180
2022,2022,MS,Mississippi,,Medicare FFS MA,,,Percentage of people with diagnosed cataract who had a treatment claim,Cataract surgery,All Ages,Both sexes,Other,Cataract,Total,%,Crude Prevalence,13.86,,,10.33,18.05,50
2022,2022,MS,Mississippi,,Medicare FFS MA,,,Percentage of people with diagnosed cataract who had a treatment claim,Cataract surgery,All Ages,Both sexes,"White, non-Hispanic",Cataract,Total,%,Crude Prevalence,17.93,,,17.71,18.15,20790
2022,2022,MO,Missouri,,Medicare FFS MA,,,Percentage of people with diagnosed cataract who had a treatment claim,Cataract surgery,All Ages,Both sexes,North American Native,Cataract,Total,%,Crude Prevalence,17.06,,,13.61,20.96,70
2022,2022,MO,Missouri,,Medicare FFS MA,,,Percentage of people with diagnosed cataract who had a treatment claim,Cataract surgery,All Ages,Both sexes,All races,Cataract,Total,%,Crude Prevalence,15.26,,,15.15,15.38,59600
2022,2022,MO,Missouri,,Medicare FFS MA,,,Percentage of people with diagnosed cataract who had a treatment claim,Cataract surgery,All Ages,Both sexes,Asian,Cataract,Total,%,Crude Prevalence,15.24,,,14.05,16.49,520
2022,2022,MO,Missouri,,Medicare FFS MA,,,Percentage of people with diagnosed cataract who had a treatment claim,Cataract surgery,All Ages,Both sexes,"Black, non-Hispanic",Cataract,Total,%,Crude Prevalence,11.96,,,11.6,12.32,3760
2022,2022,MO,Missouri,,Medicare FFS MA,,,Percentage of people with diagnosed cataract who had a treatment claim,Cataract surgery,All Ages,Both sexes,"Hispanic, any race",Cataract,Total,%,Crude Prevalence,15.97,,,14.9,17.1,690
2022,2022,MO,Missouri,,Medicare FFS MA,,,Percentage of people with diagnosed cataract who had a treatment claim,Cataract surgery,All Ages,Both sexes,Other,Cataract,Total,%,Crude Prevalence,15.56,,,13.71,17.55,220
2022,2022,MO,Missouri,,Medicare FFS MA,,,Percentage of people with diagnosed cataract who had a treatment claim,Cataract surgery,All Ages,Both sexes,"White, non-Hispanic",Cataract,Total,%,Crude Prevalence,15.55,,,15.43,15.67,54330
2022,2022,MT,Montana,,Medicare FFS MA,,,Percentage of people with diagnosed cataract who had a treatment claim,Cataract surgery,All Ages,Both sexes,North American Native,Cataract,Total,%,Crude Prevalence,21.41,,,19.32,23.62,310
2022,2022,MT,Montana,,Medicare FFS MA,,,Percentage of people with diagnosed cataract who had a treatment claim,Cataract surgery,All Ages,Both sexes,All races,Cataract,Total,%,Crude Prevalence,17.03,,,16.74,17.31,11550
2022,2022,MT,Montana,,Medicare FFS MA,,,Percentage of people with diagnosed cataract who had a treatment claim,Cataract surgery,All Ages,Both sexes,Asian,Cataract,Total,%,Crude Prevalence,17.48,,,13.26,22.39,50
2022,2022,MT,Montana,,Medicare FFS MA,,,Percentage of people with diagnosed cataract who had a treatment claim,Cataract surgery,All Ages,Both sexes,"Black, non-Hispanic",Cataract,Total,%,Crude Prevalence,23.86,,,15.42,34.14,20
2022,2022,MT,Montana,,Medicare FFS MA,,,Percentage of people with diagnosed cataract who had a treatment claim,Cataract surgery,All Ages,Both sexes,"Hispanic, any race",Cataract,Total,%,Crude Prevalence,17.5,,,14.68,20.61,120
2022,2022,MT,Montana,,Medicare FFS MA,,,Percentage of people with diagnosed cataract who had a treatment claim,Cataract surgery,All Ages,Both sexes,Other,Cataract,Total,%,Crude Prevalence,18.15,,,14.18,22.7,60
2022,2022,MT,Montana,,Medicare FFS MA,,,Percentage of people with diagnosed cataract who had a treatment claim,Cataract surgery,All Ages,Both sexes,"White, non-Hispanic",Cataract,Total,%,Crude Prevalence,16.91,,,16.62,17.2,10990
2022,2022,NE,Nebraska,,Medicare FFS MA,,,Percentage of people with diagnosed cataract who had a treatment claim,Cataract surgery,All Ages,Both sexes,North American Native,Cataract,Total,%,Crude Prevalence,20.5,,,16.22,25.32,70
2022,2022,NE,Nebraska,,Medicare FFS MA,,,Percentage of people with diagnosed cataract who had a treatment claim,Cataract surgery,All Ages,Both sexes,All races,Cataract,Total,%,Crude Prevalence,14.15,,,13.95,14.34,17400
2022,2022,NE,Nebraska,,Medicare FFS MA,,,Percentage of people with diagnosed cataract who had a treatment claim,Cataract surgery,All Ages,Both sexes,Asian,Cataract,Total,%,Crude Prevalence,14.82,,,12.46,17.44,120
2022,2022,NE,Nebraska,,Medicare FFS MA,,,Percentage of people with diagnosed cataract who had a treatment claim,Cataract surgery,All Ages,Both sexes,"Black, non-Hispanic",Cataract,Total,%,Crude Prevalence,11.53,,,10.45,12.67,370
2022,2022,NE,Nebraska,,Medicare FFS MA,,,Percentage of people with diagnosed cataract who had a treatment claim,Cataract surgery,All Ages,Both sexes,"Hispanic, any race",Cataract,Total,%,Crude Prevalence,15.71,,,14.34,17.15,420
2022,2022,NE,Nebraska,,Medicare FFS MA,,,Percentage of people with diagnosed cataract who had a treatment claim,Cataract surgery,All Ages,Both sexes,Other,Cataract,Total,%,Crude Prevalence,13.84,,,10.87,17.26,70
2022,2022,NE,Nebraska,,Medicare FFS MA,,,Percentage of people with diagnosed cataract who had a treatment claim,Cataract surgery,All Ages,Both sexes,"White, non-Hispanic",Cataract,Total,%,Crude Prevalence,14.16,,,13.96,14.37,16360
2022,2022,NV,Nevada,,Medicare FFS MA,,,Percentage of people with diagnosed cataract who had a treatment claim,Cataract surgery,All Ages,Both sexes,North American Native,Cataract,Total,%,Crude Prevalence,16.67,,,14.01,19.61,120
2022,2022,NV,Nevada,,Medicare FFS MA,,,Percentage of people with diagnosed cataract who had a treatment claim,Cataract surgery,All Ages,Both sexes,All races,Cataract,Total,%,Crude Prevalence,16.64,,,16.44,16.83,23950
2022,2022,NV,Nevada,,Medicare FFS MA,,,Percentage of people with diagnosed cataract who had a treatment claim,Cataract surgery,All Ages,Both sexes,Asian,Cataract,Total,%,Crude Prevalence,14.18,,,13.54,14.83,1630
2022,2022,NV,Nevada,,Medicare FFS MA,,,Percentage of people with diagnosed cataract who had a treatment claim,Cataract surgery,All Ages,Both sexes,"Black, non-Hispanic",Cataract,Total,%,Crude Prevalence,12.56,,,11.94,13.2,1360
2022,2022,NV,Nevada,,Medicare FFS MA,,,Percentage of people with diagnosed cataract who had a treatment claim,Cataract surgery,All Ages,Both sexes,"Hispanic, any race",Cataract,Total,%,Crude Prevalence,15.61,,,15.04,16.19,2440
2022,2022,NV,Nevada,,Medicare FFS MA,,,Percentage of people with diagnosed cataract who had a treatment claim,Cataract surgery,All Ages,Both sexes,Other,Cataract,Total,%,Crude Prevalence,15.77,,,14.45,17.16,450
2022,2022,NV,Nevada,,Medicare FFS MA,,,Percentage of people with diagnosed cataract who had a treatment claim,Cataract surgery,All Ages,Both sexes,"White, non-Hispanic",Cataract,Total,%,Crude Prevalence,17.52,,,17.29,17.76,17950
2022,2022,NH,New Hampshire,,Medicare FFS MA,,,Percentage of people with diagnosed cataract who had a treatment claim,Cataract surgery,All Ages,Both sexes,North American Native,Cataract,Total,%,Crude Prevalence,,,Value suppressed,,,
2022,2022,NH,New Hampshire,,Medicare FFS MA,,,Percentage of people with diagnosed cataract who had a treatment claim,Cataract surgery,All Ages,Both sexes,All races,Cataract,Total,%,Crude Prevalence,12.38,,,12.17,12.59,11540
2022,2022,NH,New Hampshire,,Medicare FFS MA,,,Percentage of people with diagnosed cataract who had a treatment claim,Cataract surgery,All Ages,Both sexes,Asian,Cataract,Total,%,Crude Prevalence,10.43,,,8.25,12.96,70
2022,2022,NH,New Hampshire,,Medicare FFS MA,,,Percentage of people with diagnosed cataract who had a treatment claim,Cataract surgery,All Ages,Both sexes,"Black, non-Hispanic",Cataract,Total,%,Crude Prevalence,11.39,,,8.8,14.41,60
2022,2022,NH,New Hampshire,,Medicare FFS MA,,,Percentage of people with diagnosed cataract who had a treatment claim,Cataract surgery,All Ages,Both sexes,"Hispanic, any race",Cataract,Total,%,Crude Prevalence,13.66,,,11.51,16.03,130
2022,2022,NH,New Hampshire,,Medicare FFS MA,,,Percentage of people with diagnosed cataract who had a treatment claim,Cataract surgery,All Ages,Both sexes,Other,Cataract,Total,%,Crude Prevalence,12.81,,,9.85,16.28,60
2022,2022,NH,New Hampshire,,Medicare FFS MA,,,Percentage of people with diagnosed cataract who had a treatment claim,Cataract surgery,All Ages,Both sexes,"White, non-Hispanic",Cataract,Total,%,Crude Prevalence,12.39,,,12.17,12.6,11220
2022,2022,NJ,New Jersey,,Medicare FFS MA,,,Percentage of people with diagnosed cataract who had a treatment claim,Cataract surgery,All Ages,Both sexes,North American Native,Cataract,Total,%,Crude Prevalence,12.16,,,7.37,18.54,20
2022,2022,NJ,New Jersey,,Medicare FFS MA,,,Percentage of people with diagnosed cataract who had a treatment claim,Cataract surgery,All Ages,Both sexes,All races,Cataract,Total,%,Crude Prevalence,13.14,,,13.05,13.24,64310
2022,2022,NJ,New Jersey,,Medicare FFS MA,,,Percentage of people with diagnosed cataract who had a treatment claim,Cataract surgery,All Ages,Both sexes,Asian,Cataract,Total,%,Crude Prevalence,13.06,,,12.67,13.46,3620
2022,2022,NJ,New Jersey,,Medicare FFS MA,,,Percentage of people with diagnosed cataract who had a treatment claim,Cataract surgery,All Ages,Both sexes,"Black, non-Hispanic",Cataract,Total,%,Crude Prevalence,12.28,,,11.98,12.58,5640
2022,2022,NJ,New Jersey,,Medicare FFS MA,,,Percentage of people with diagnosed cataract who had a treatment claim,Cataract surgery,All Ages,Both sexes,"Hispanic, any race",Cataract,Total,%,Crude Prevalence,13.23,,,12.92,13.54,6120
2022,2022,NJ,New Jersey,,Medicare FFS MA,,,Percentage of people with diagnosed cataract who had a treatment claim,Cataract surgery,All Ages,Both sexes,Other,Cataract,Total,%,Crude Prevalence,13.19,,,12.34,14.08,780
2022,2022,NJ,New Jersey,,Medicare FFS MA,,,Percentage of people with diagnosed cataract who had a treatment claim,Cataract surgery,All Ages,Both sexes,"White, non-Hispanic",Cataract,Total,%,Crude Prevalence,13.25,,,13.14,13.36,48140
2022,2022,NM,New Mexico,,Medicare FFS MA,,,Percentage of people with diagnosed cataract who had a treatment claim,Cataract surgery,All Ages,Both sexes,North American Native,Cataract,Total,%,Crude Prevalence,17.2,,,16.19,18.25,900
2022,2022,NM,New Mexico,,Medicare FFS MA,,,Percentage of people with diagnosed cataract who had a treatment claim,Cataract surgery,All Ages,Both sexes,All races,Cataract,Total,%,Crude Prevalence,15.41,,,15.2,15.62,18250
2022,2022,NM,New Mexico,,Medicare FFS MA,,,Percentage of people with diagnosed cataract who had a treatment claim,Cataract surgery,All Ages,Both sexes,Asian,Cataract,Total,%,Crude Prevalence,14.26,,,12.32,16.38,170
2022,2022,NM,New Mexico,,Medicare FFS MA,,,Percentage of people with diagnosed cataract who had a treatment claim,Cataract surgery,All Ages,Both sexes,"Black, non-Hispanic",Cataract,Total,%,Crude Prevalence,13.21,,,11.63,14.91,220
2022,2022,NM,New Mexico,,Medicare FFS MA,,,Percentage of people with diagnosed cataract who had a treatment claim,Cataract surgery,All Ages,Both sexes,"Hispanic, any race",Cataract,Total,%,Crude Prevalence,15.2,,,14.81,15.58,5160
2022,2022,NM,New Mexico,,Medicare FFS MA,,,Percentage of people with diagnosed cataract who had a treatment claim,Cataract surgery,All Ages,Both sexes,Other,Cataract,Total,%,Crude Prevalence,16.43,,,14.09,18.99,150
2022,2022,NM,New Mexico,,Medicare FFS MA,,,Percentage of people with diagnosed cataract who had a treatment claim,Cataract surgery,All Ages,Both sexes,"White, non-Hispanic",Cataract,Total,%,Crude Prevalence,15.44,,,15.18,15.7,11650
2022,2022,NY,New York,,Medicare FFS MA,,,Percentage of people with diagnosed cataract who had a treatment claim,Cataract surgery,All Ages,Both sexes,North American Native,Cataract,Total,%,Crude Prevalence,12.12,,,10.57,13.8,200
2022,2022,NY,New York,,Medicare FFS MA,,,Percentage of people with diagnosed cataract who had a treatment claim,Cataract surgery,All Ages,Both sexes,All races,Cataract,Total,%,Crude Prevalence,12.04,,,11.98,12.1,133600
2022,2022,NY,New York,,Medicare FFS MA,,,Percentage of people with diagnosed cataract who had a treatment claim,Cataract surgery,All Ages,Both sexes,Asian,Cataract,Total,%,Crude Prevalence,11.52,,,11.3,11.75,8930
2022,2022,NY,New York,,Medicare FFS MA,,,Percentage of people with diagnosed cataract who had a treatment claim,Cataract surgery,All Ages,Both sexes,"Black, non-Hispanic",Cataract,Total,%,Crude Prevalence,10.57,,,10.4,10.74,13080
2022,2022,NY,New York,,Medicare FFS MA,,,Percentage of people with diagnosed cataract who had a treatment claim,Cataract surgery,All Ages,Both sexes,"Hispanic, any race",Cataract,Total,%,Crude Prevalence,12.92,,,12.72,13.12,14310
2022,2022,NY,New York,,Medicare FFS MA,,,Percentage of people with diagnosed cataract who had a treatment claim,Cataract surgery,All Ages,Both sexes,Other,Cataract,Total,%,Crude Prevalence,13.12,,,12.57,13.69,1840
2022,2022,NY,New York,,Medicare FFS MA,,,Percentage of people with diagnosed cataract who had a treatment claim,Cataract surgery,All Ages,Both sexes,"White, non-Hispanic",Cataract,Total,%,Crude Prevalence,12.18,,,12.1,12.25,95230
2022,2022,NC,North Carolina,,Medicare FFS MA,,,Percentage of people with diagnosed cataract who had a treatment claim,Cataract surgery,All Ages,Both sexes,North American Native,Cataract,Total,%,Crude Prevalence,16.53,,,14.92,18.25,330
2022,2022,NC,North Carolina,,Medicare FFS MA,,,Percentage of people with diagnosed cataract who had a treatment claim,Cataract surgery,All Ages,Both sexes,All races,Cataract,Total,%,Crude Prevalence,14.53,,,14.45,14.62,93110
2022,2022,NC,North Carolina,,Medicare FFS MA,,,Percentage of people with diagnosed cataract who had a treatment claim,Cataract surgery,All Ages,Both sexes,Asian,Cataract,Total,%,Crude Prevalence,15.33,,,14.49,16.19,1070
2022,2022,NC,North Carolina,,Medicare FFS MA,,,Percentage of people with diagnosed cataract who had a treatment claim,Cataract surgery,All Ages,Both sexes,"Black, non-Hispanic",Cataract,Total,%,Crude Prevalence,12.26,,,12.07,12.46,13640
2022,2022,NC,North Carolina,,Medicare FFS MA,,,Percentage of people with diagnosed cataract who had a treatment claim,Cataract surgery,All Ages,Both sexes,"Hispanic, any race",Cataract,Total,%,Crude Prevalence,14.93,,,14.26,15.62,1610
2022,2022,NC,North Carolina,,Medicare FFS MA,,,Percentage of people with diagnosed cataract who had a treatment claim,Cataract surgery,All Ages,Both sexes,Other,Cataract,Total,%,Crude Prevalence,15.01,,,13.9,16.16,590
2022,2022,NC,North Carolina,,Medicare FFS MA,,,Percentage of people with diagnosed cataract who had a treatment claim,Cataract surgery,All Ages,Both sexes,"White, non-Hispanic",Cataract,Total,%,Crude Prevalence,15,,,14.91,15.1,75870
2022,2022,ND,North Dakota,,Medicare FFS MA,,,Percentage of people with diagnosed cataract who had a treatment claim,Cataract surgery,All Ages,Both sexes,North American Native,Cataract,Total,%,Crude Prevalence,19.1,,,16.54,21.88,170
2022,2022,ND,North Dakota,,Medicare FFS MA,,,Percentage of people with diagnosed cataract who had a treatment claim,Cataract surgery,All Ages,Both sexes,All races,Cataract,Total,%,Crude Prevalence,14.6,,,14.28,14.93,6780
2022,2022,ND,North Dakota,,Medicare FFS MA,,,Percentage of people with diagnosed cataract who had a treatment claim,Cataract surgery,All Ages,Both sexes,Asian,Cataract,Total,%,Crude Prevalence,9.93,,,5.54,16.1,10
2022,2022,ND,North Dakota,,Medicare FFS MA,,,Percentage of people with diagnosed cataract who had a treatment claim,Cataract surgery,All Ages,Both sexes,"Black, non-Hispanic",Cataract,Total,%,Crude Prevalence,16.67,,,11.69,22.71,30
2022,2022,ND,North Dakota,,Medicare FFS MA,,,Percentage of people with diagnosed cataract who had a treatment claim,Cataract surgery,All Ages,Both sexes,"Hispanic, any race",Cataract,Total,%,Crude Prevalence,14.13,,,10.19,18.87,40
2022,2022,ND,North Dakota,,Medicare FFS MA,,,Percentage of people with diagnosed cataract who had a treatment claim,Cataract surgery,All Ages,Both sexes,Other,Cataract,Total,%,Crude Prevalence,10.96,,,7.15,15.87,20
2022,2022,ND,North Dakota,,Medicare FFS MA,,,Percentage of people with diagnosed cataract who had a treatment claim,Cataract surgery,All Ages,Both sexes,"White, non-Hispanic",Cataract,Total,%,Crude Prevalence,14.54,,,14.22,14.87,6510
2022,2022,OH,Ohio,,Medicare FFS MA,,,Percentage of people with diagnosed cataract who had a treatment claim,Cataract surgery,All Ages,Both sexes,North American Native,Cataract,Total,%,Crude Prevalence,18.67,,,13.06,25.45,30
2022,2022,OH,Ohio,,Medicare FFS MA,,,Percentage of people with diagnosed cataract who had a treatment claim,Cataract surgery,All Ages,Both sexes,All races,Cataract,Total,%,Crude Prevalence,14.92,,,14.84,15.01,99080
2022,2022,OH,Ohio,,Medicare FFS MA,,,Percentage of people with diagnosed cataract who had a treatment claim,Cataract surgery,All Ages,Both sexes,Asian,Cataract,Total,%,Crude Prevalence,13.49,,,12.71,14.31,970
2022,2022,OH,Ohio,,Medicare FFS MA,,,Percentage of people with diagnosed cataract who had a treatment claim,Cataract surgery,All Ages,Both sexes,"Black, non-Hispanic",Cataract,Total,%,Crude Prevalence,11.32,,,11.07,11.58,6750
2022,2022,OH,Ohio,,Medicare FFS MA,,,Percentage of people with diagnosed cataract who had a treatment claim,Cataract surgery,All Ages,Both sexes,"Hispanic, any race",Cataract,Total,%,Crude Prevalence,14.04,,,13.32,14.79,1220
2022,2022,OH,Ohio,,Medicare FFS MA,,,Percentage of people with diagnosed cataract who had a treatment claim,Cataract surgery,All Ages,Both sexes,Other,Cataract,Total,%,Crude Prevalence,13.37,,,12.22,14.58,440
2022,2022,OH,Ohio,,Medicare FFS MA,,,Percentage of people with diagnosed cataract who had a treatment claim,Cataract surgery,All Ages,Both sexes,"White, non-Hispanic",Cataract,Total,%,Crude Prevalence,15.33,,,15.24,15.42,89680
2022,2022,OK,Oklahoma,,Medicare FFS MA,,,Percentage of people with diagnosed cataract who had a treatment claim,Cataract surgery,All Ages,Both sexes,North American Native,Cataract,Total,%,Crude Prevalence,15.74,,,15.12,16.38,2070
2022,2022,OK,Oklahoma,,Medicare FFS MA,,,Percentage of people with diagnosed cataract who had a treatment claim,Cataract surgery,All Ages,Both sexes,All races,Cataract,Total,%,Crude Prevalence,17.66,,,17.5,17.83,37560
2022,2022,OK,Oklahoma,,Medicare FFS MA,,,Percentage of people with diagnosed cataract who had a treatment claim,Cataract surgery,All Ages,Both sexes,Asian,Cataract,Total,%,Crude Prevalence,14.7,,,13.3,16.18,350
2022,2022,OK,Oklahoma,,Medicare FFS MA,,,Percentage of people with diagnosed cataract who had a treatment claim,Cataract surgery,All Ages,Both sexes,"Black, non-Hispanic",Cataract,Total,%,Crude Prevalence,14.09,,,13.49,14.72,1750
2022,2022,OK,Oklahoma,,Medicare FFS MA,,,Percentage of people with diagnosed cataract who had a treatment claim,Cataract surgery,All Ages,Both sexes,"Hispanic, any race",Cataract,Total,%,Crude Prevalence,19.05,,,17.95,20.19,920
2022,2022,OK,Oklahoma,,Medicare FFS MA,,,Percentage of people with diagnosed cataract who had a treatment claim,Cataract surgery,All Ages,Both sexes,Other,Cataract,Total,%,Crude Prevalence,15.59,,,13.58,17.78,190
2022,2022,OK,Oklahoma,,Medicare FFS MA,,,Percentage of people with diagnosed cataract who had a treatment claim,Cataract surgery,All Ages,Both sexes,"White, non-Hispanic",Cataract,Total,%,Crude Prevalence,18.07,,,17.89,18.25,32280
2022,2022,OR,Oregon,,Medicare FFS MA,,,Percentage of people with diagnosed cataract who had a treatment claim,Cataract surgery,All Ages,Both sexes,North American Native,Cataract,Total,%,Crude Prevalence,16.82,,,14.97,18.81,250
2022,2022,OR,Oregon,,Medicare FFS MA,,,Percentage of people with diagnosed cataract who had a treatment claim,Cataract surgery,All Ages,Both sexes,All races,Cataract,Total,%,Crude Prevalence,14.39,,,14.26,14.52,38060
2022,2022,OR,Oregon,,Medicare FFS MA,,,Percentage of people with diagnosed cataract who had a treatment claim,Cataract surgery,All Ages,Both sexes,Asian,Cataract,Total,%,Crude Prevalence,11.76,,,11.03,12.52,860
2022,2022,OR,Oregon,,Medicare FFS MA,,,Percentage of people with diagnosed cataract who had a treatment claim,Cataract surgery,All Ages,Both sexes,"Black, non-Hispanic",Cataract,Total,%,Crude Prevalence,11.47,,,10.34,12.67,340
2022,2022,OR,Oregon,,Medicare FFS MA,,,Percentage of people with diagnosed cataract who had a treatment claim,Cataract surgery,All Ages,Both sexes,"Hispanic, any race",Cataract,Total,%,Crude Prevalence,13.4,,,12.66,14.16,1080
2022,2022,OR,Oregon,,Medicare FFS MA,,,Percentage of people with diagnosed cataract who had a treatment claim,Cataract surgery,All Ages,Both sexes,Other,Cataract,Total,%,Crude Prevalence,13.01,,,11.65,14.47,290
2022,2022,OR,Oregon,,Medicare FFS MA,,,Percentage of people with diagnosed cataract who had a treatment claim,Cataract surgery,All Ages,Both sexes,"White, non-Hispanic",Cataract,Total,%,Crude Prevalence,14.53,,,14.39,14.68,35240
2022,2022,PA,Pennsylvania,,Medicare FFS MA,,,Percentage of people with diagnosed cataract who had a treatment claim,Cataract surgery,All Ages,Both sexes,North American Native,Cataract,Total,%,Crude Prevalence,12.35,,,7.81,18.26,20
2022,2022,PA,Pennsylvania,,Medicare FFS MA,,,Percentage of people with diagnosed cataract who had a treatment claim,Cataract surgery,All Ages,Both sexes,All races,Cataract,Total,%,Crude Prevalence,13.47,,,13.4,13.54,115600
2022,2022,PA,Pennsylvania,,Medicare FFS MA,,,Percentage of people with diagnosed cataract who had a treatment claim,Cataract surgery,All Ages,Both sexes,Asian,Cataract,Total,%,Crude Prevalence,14.24,,,13.64,14.85,1850
2022,2022,PA,Pennsylvania,,Medicare FFS MA,,,Percentage of people with diagnosed cataract who had a treatment claim,Cataract surgery,All Ages,Both sexes,"Black, non-Hispanic",Cataract,Total,%,Crude Prevalence,11.95,,,11.69,12.22,6870
2022,2022,PA,Pennsylvania,,Medicare FFS MA,,,Percentage of people with diagnosed cataract who had a treatment claim,Cataract surgery,All Ages,Both sexes,"Hispanic, any race",Cataract,Total,%,Crude Prevalence,14.01,,,13.52,14.51,2720
2022,2022,PA,Pennsylvania,,Medicare FFS MA,,,Percentage of people with diagnosed cataract who had a treatment claim,Cataract surgery,All Ages,Both sexes,Other,Cataract,Total,%,Crude Prevalence,13.74,,,12.7,14.83,560
2022,2022,PA,Pennsylvania,,Medicare FFS MA,,,Percentage of people with diagnosed cataract who had a treatment claim,Cataract surgery,All Ages,Both sexes,"White, non-Hispanic",Cataract,Total,%,Crude Prevalence,13.56,,,13.48,13.63,103500
2022,2022,RI,Rhode Island,,Medicare FFS MA,,,Percentage of people with diagnosed cataract who had a treatment claim,Cataract surgery,All Ages,Both sexes,North American Native,Cataract,Total,%,Crude Prevalence,14.67,,,7.56,24.73,10
2022,2022,RI,Rhode Island,,Medicare FFS MA,,,Percentage of people with diagnosed cataract who had a treatment claim,Cataract surgery,All Ages,Both sexes,All races,Cataract,Total,%,Crude Prevalence,11,,,10.78,11.23,8410
2022,2022,RI,Rhode Island,,Medicare FFS MA,,,Percentage of people with diagnosed cataract who had a treatment claim,Cataract surgery,All Ages,Both sexes,Asian,Cataract,Total,%,Crude Prevalence,11.19,,,9.24,13.4,100
2022,2022,RI,Rhode Island,,Medicare FFS MA,,,Percentage of people with diagnosed cataract who had a treatment claim,Cataract surgery,All Ages,Both sexes,"Black, non-Hispanic",Cataract,Total,%,Crude Prevalence,10.22,,,8.96,11.6,210
2022,2022,RI,Rhode Island,,Medicare FFS MA,,,Percentage of people with diagnosed cataract who had a treatment claim,Cataract surgery,All Ages,Both sexes,"Hispanic, any race",Cataract,Total,%,Crude Prevalence,11.69,,,10.78,12.65,540
2022,2022,RI,Rhode Island,,Medicare FFS MA,,,Percentage of people with diagnosed cataract who had a treatment claim,Cataract surgery,All Ages,Both sexes,Other,Cataract,Total,%,Crude Prevalence,10.69,,,8.53,13.18,80
2022,2022,RI,Rhode Island,,Medicare FFS MA,,,Percentage of people with diagnosed cataract who had a treatment claim,Cataract surgery,All Ages,Both sexes,"White, non-Hispanic",Cataract,Total,%,Crude Prevalence,10.98,,,10.75,11.22,7460
2022,2022,SC,South Carolina,,Medicare FFS MA,,,Percentage of people with diagnosed cataract who had a treatment claim,Cataract surgery,All Ages,Both sexes,North American Native,Cataract,Total,%,Crude Prevalence,12.82,,,8.01,19.1,20
2022,2022,SC,South Carolina,,Medicare FFS MA,,,Percentage of people with diagnosed cataract who had a treatment claim,Cataract surgery,All Ages,Both sexes,All races,Cataract,Total,%,Crude Prevalence,15.63,,,15.51,15.75,54270
2022,2022,SC,South Carolina,,Medicare FFS MA,,,Percentage of people with diagnosed cataract who had a treatment claim,Cataract surgery,All Ages,Both sexes,Asian,Cataract,Total,%,Crude Prevalence,14.8,,,13.44,16.25,370
2022,2022,SC,South Carolina,,Medicare FFS MA,,,Percentage of people with diagnosed cataract who had a treatment claim,Cataract surgery,All Ages,Both sexes,"Black, non-Hispanic",Cataract,Total,%,Crude Prevalence,11.79,,,11.56,12.03,8730
2022,2022,SC,South Carolina,,Medicare FFS MA,,,Percentage of people with diagnosed cataract who had a treatment claim,Cataract surgery,All Ages,Both sexes,"Hispanic, any race",Cataract,Total,%,Crude Prevalence,15.21,,,14.15,16.32,650
2022,2022,SC,South Carolina,,Medicare FFS MA,,,Percentage of people with diagnosed cataract who had a treatment claim,Cataract surgery,All Ages,Both sexes,Other,Cataract,Total,%,Crude Prevalence,15.98,,,14.01,18.1,210
2022,2022,SC,South Carolina,,Medicare FFS MA,,,Percentage of people with diagnosed cataract who had a treatment claim,Cataract surgery,All Ages,Both sexes,"White, non-Hispanic",Cataract,Total,%,Crude Prevalence,16.72,,,16.58,16.86,44290
2022,2022,SD,South Dakota,,Medicare FFS MA,,,Percentage of people with diagnosed cataract who had a treatment claim,Cataract surgery,All Ages,Both sexes,North American Native,Cataract,Total,%,Crude Prevalence,17.17,,,15.24,19.24,240
2022,2022,SD,South Dakota,,Medicare FFS MA,,,Percentage of people with diagnosed cataract who had a treatment claim,Cataract surgery,All Ages,Both sexes,All races,Cataract,Total,%,Crude Prevalence,15.76,,,15.47,16.05,9620
2022,2022,SD,South Dakota,,Medicare FFS MA,,,Percentage of people with diagnosed cataract who had a treatment claim,Cataract surgery,All Ages,Both sexes,Asian,Cataract,Total,%,Crude Prevalence,16.81,,,12.18,22.34,40
2022,2022,SD,South Dakota,,Medicare FFS MA,,,Percentage of people with diagnosed cataract who had a treatment claim,Cataract surgery,All Ages,Both sexes,"Black, non-Hispanic",Cataract,Total,%,Crude Prevalence,16.07,,,10.87,22.51,30
2022,2022,SD,South Dakota,,Medicare FFS MA,,,Percentage of people with diagnosed cataract who had a treatment claim,Cataract surgery,All Ages,Both sexes,"Hispanic, any race",Cataract,Total,%,Crude Prevalence,16.62,,,12.87,20.95,60
2022,2022,SD,South Dakota,,Medicare FFS MA,,,Percentage of people with diagnosed cataract who had a treatment claim,Cataract surgery,All Ages,Both sexes,Other,Cataract,Total,%,Crude Prevalence,15.54,,,11.29,20.62,40
2022,2022,SD,South Dakota,,Medicare FFS MA,,,Percentage of people with diagnosed cataract who had a treatment claim,Cataract surgery,All Ages,Both sexes,"White, non-Hispanic",Cataract,Total,%,Crude Prevalence,15.72,,,15.42,16.02,9210
2022,2022,TN,Tennessee,,Medicare FFS MA,,,Percentage of people with diagnosed cataract who had a treatment claim,Cataract surgery,All Ages,Both sexes,North American Native,Cataract,Total,%,Crude Prevalence,20.44,,,14.82,27.06,40
2022,2022,TN,Tennessee,,Medicare FFS MA,,,Percentage of people with diagnosed cataract who had a treatment claim,Cataract surgery,All Ages,Both sexes,All races,Cataract,Total,%,Crude Prevalence,16.62,,,16.5,16.73,63390
2022,2022,TN,Tennessee,,Medicare FFS MA,,,Percentage of people with diagnosed cataract who had a treatment claim,Cataract surgery,All Ages,Both sexes,Asian,Cataract,Total,%,Crude Prevalence,15.48,,,14.17,16.86,440
2022,2022,TN,Tennessee,,Medicare FFS MA,,,Percentage of people with diagnosed cataract who had a treatment claim,Cataract surgery,All Ages,Both sexes,"Black, non-Hispanic",Cataract,Total,%,Crude Prevalence,14.23,,,13.89,14.57,5920
2022,2022,TN,Tennessee,,Medicare FFS MA,,,Percentage of people with diagnosed cataract who had a treatment claim,Cataract surgery,All Ages,Both sexes,"Hispanic, any race",Cataract,Total,%,Crude Prevalence,16.32,,,15.12,17.57,580
2022,2022,TN,Tennessee,,Medicare FFS MA,,,Percentage of people with diagnosed cataract who had a treatment claim,Cataract surgery,All Ages,Both sexes,Other,Cataract,Total,%,Crude Prevalence,16.35,,,14.35,18.51,210
2022,2022,TN,Tennessee,,Medicare FFS MA,,,Percentage of people with diagnosed cataract who had a treatment claim,Cataract surgery,All Ages,Both sexes,"White, non-Hispanic",Cataract,Total,%,Crude Prevalence,16.93,,,16.8,17.05,56200
2022,2022,TX,Texas,,Medicare FFS MA,,,Percentage of people with diagnosed cataract who had a treatment claim,Cataract surgery,All Ages,Both sexes,North American Native,Cataract,Total,%,Crude Prevalence,15.25,,,13.53,17.1,250
2022,2022,TX,Texas,,Medicare FFS MA,,,Percentage of people with diagnosed cataract who had a treatment claim,Cataract surgery,All Ages,Both sexes,All races,Cataract,Total,%,Crude Prevalence,15.79,,,15.73,15.85,201600
2022,2022,TX,Texas,,Medicare FFS MA,,,Percentage of people with diagnosed cataract who had a treatment claim,Cataract surgery,All Ages,Both sexes,Asian,Cataract,Total,%,Crude Prevalence,15.7,,,15.36,16.05,6880
2022,2022,TX,Texas,,Medicare FFS MA,,,Percentage of people with diagnosed cataract who had a treatment claim,Cataract surgery,All Ages,Both sexes,"Black, non-Hispanic",Cataract,Total,%,Crude Prevalence,12.96,,,12.78,13.15,16080
2022,2022,TX,Texas,,Medicare FFS MA,,,Percentage of people with diagnosed cataract who had a treatment claim,Cataract surgery,All Ages,Both sexes,"Hispanic, any race",Cataract,Total,%,Crude Prevalence,14.32,,,14.2,14.45,40920
2022,2022,TX,Texas,,Medicare FFS MA,,,Percentage of people with diagnosed cataract who had a treatment claim,Cataract surgery,All Ages,Both sexes,Other,Cataract,Total,%,Crude Prevalence,14.59,,,13.86,15.34,1300
2022,2022,TX,Texas,,Medicare FFS MA,,,Percentage of people with diagnosed cataract who had a treatment claim,Cataract surgery,All Ages,Both sexes,"White, non-Hispanic",Cataract,Total,%,Crude Prevalence,16.75,,,16.67,16.84,136200
2022,2022,UT,Utah,,Medicare FFS MA,,,Percentage of people with diagnosed cataract who had a treatment claim,Cataract surgery,All Ages,Both sexes,North American Native,Cataract,Total,%,Crude Prevalence,21.71,,,17.92,25.89,90
2022,2022,UT,Utah,,Medicare FFS MA,,,Percentage of people with diagnosed cataract who had a treatment claim,Cataract surgery,All Ages,Both sexes,All races,Cataract,Total,%,Crude Prevalence,16.11,,,15.91,16.31,20890
2022,2022,UT,Utah,,Medicare FFS MA,,,Percentage of people with diagnosed cataract who had a treatment claim,Cataract surgery,All Ages,Both sexes,Asian,Cataract,Total,%,Crude Prevalence,15.43,,,13.98,16.96,360
2022,2022,UT,Utah,,Medicare FFS MA,,,Percentage of people with diagnosed cataract who had a treatment claim,Cataract surgery,All Ages,Both sexes,"Black, non-Hispanic",Cataract,Total,%,Crude Prevalence,15.17,,,12.49,18.17,100
2022,2022,UT,Utah,,Medicare FFS MA,,,Percentage of people with diagnosed cataract who had a treatment claim,Cataract surgery,All Ages,Both sexes,"Hispanic, any race",Cataract,Total,%,Crude Prevalence,16.91,,,15.93,17.91,950
2022,2022,UT,Utah,,Medicare FFS MA,,,Percentage of people with diagnosed cataract who had a treatment claim,Cataract surgery,All Ages,Both sexes,Other,Cataract,Total,%,Crude Prevalence,15.06,,,12.85,17.49,140
2022,2022,UT,Utah,,Medicare FFS MA,,,Percentage of people with diagnosed cataract who had a treatment claim,Cataract surgery,All Ages,Both sexes,"White, non-Hispanic",Cataract,Total,%,Crude Prevalence,16.07,,,15.87,16.28,19250
2022,2022,VT,Vermont,,Medicare FFS MA,,,Percentage of people with diagnosed cataract who had a treatment claim,Cataract surgery,All Ages,Both sexes,North American Native,Cataract,Total,%,Crude Prevalence,,,Value suppressed,,,
2022,2022,VT,Vermont,,Medicare FFS MA,,,Percentage of people with diagnosed cataract who had a treatment claim,Cataract surgery,All Ages,Both sexes,All races,Cataract,Total,%,Crude Prevalence,11.42,,,11.13,11.72,5000
2022,2022,VT,Vermont,,Medicare FFS MA,,,Percentage of people with diagnosed cataract who had a treatment claim,Cataract surgery,All Ages,Both sexes,Asian,Cataract,Total,%,Crude Prevalence,14.9,,,10.77,19.88,40
2022,2022,VT,Vermont,,Medicare FFS MA,,,Percentage of people with diagnosed cataract who had a treatment claim,Cataract surgery,All Ages,Both sexes,"Black, non-Hispanic",Cataract,Total,%,Crude Prevalence,10.37,,,5.79,16.79,10
2022,2022,VT,Vermont,,Medicare FFS MA,,,Percentage of people with diagnosed cataract who had a treatment claim,Cataract surgery,All Ages,Both sexes,"Hispanic, any race",Cataract,Total,%,Crude Prevalence,9.09,,,5.91,13.22,20
2022,2022,VT,Vermont,,Medicare FFS MA,,,Percentage of people with diagnosed cataract who had a treatment claim,Cataract surgery,All Ages,Both sexes,Other,Cataract,Total,%,Crude Prevalence,15.28,,,10.88,20.61,30
2022,2022,VT,Vermont,,Medicare FFS MA,,,Percentage of people with diagnosed cataract who had a treatment claim,Cataract surgery,All Ages,Both sexes,"White, non-Hispanic",Cataract,Total,%,Crude Prevalence,11.4,,,11.1,11.7,4890
2022,2022,VA,Virginia,,Medicare FFS MA,,,Percentage of people with diagnosed cataract who had a treatment claim,Cataract surgery,All Ages,Both sexes,North American Native,Cataract,Total,%,Crude Prevalence,16.87,,,11.51,23.45,30
2022,2022,VA,Virginia,,Medicare FFS MA,,,Percentage of people with diagnosed cataract who had a treatment claim,Cataract surgery,All Ages,Both sexes,All races,Cataract,Total,%,Crude Prevalence,13.65,,,13.56,13.75,67850
2022,2022,VA,Virginia,,Medicare FFS MA,,,Percentage of people with diagnosed cataract who had a treatment claim,Cataract surgery,All Ages,Both sexes,Asian,Cataract,Total,%,Crude Prevalence,13.21,,,12.7,13.74,2140
2022,2022,VA,Virginia,,Medicare FFS MA,,,Percentage of people with diagnosed cataract who had a treatment claim,Cataract surgery,All Ages,Both sexes,"Black, non-Hispanic",Cataract,Total,%,Crude Prevalence,11.85,,,11.63,12.07,9640
2022,2022,VA,Virginia,,Medicare FFS MA,,,Percentage of people with diagnosed cataract who had a treatment claim,Cataract surgery,All Ages,Both sexes,"Hispanic, any race",Cataract,Total,%,Crude Prevalence,13.73,,,13.08,14.4,1460
2022,2022,VA,Virginia,,Medicare FFS MA,,,Percentage of people with diagnosed cataract who had a treatment claim,Cataract surgery,All Ages,Both sexes,Other,Cataract,Total,%,Crude Prevalence,12.95,,,11.96,13.99,560
2022,2022,VA,Virginia,,Medicare FFS MA,,,Percentage of people with diagnosed cataract who had a treatment claim,Cataract surgery,All Ages,Both sexes,"White, non-Hispanic",Cataract,Total,%,Crude Prevalence,14.06,,,13.95,14.17,54020
2022,2022,WA,Washington,,Medicare FFS MA,,,Percentage of people with diagnosed cataract who had a treatment claim,Cataract surgery,All Ages,Both sexes,North American Native,Cataract,Total,%,Crude Prevalence,16.78,,,15.35,18.29,430
2022,2022,WA,Washington,,Medicare FFS MA,,,Percentage of people with diagnosed cataract who had a treatment claim,Cataract surgery,All Ages,Both sexes,All races,Cataract,Total,%,Crude Prevalence,15.04,,,14.93,15.15,60390
2022,2022,WA,Washington,,Medicare FFS MA,,,Percentage of people with diagnosed cataract who had a treatment claim,Cataract surgery,All Ages,Both sexes,Asian,Cataract,Total,%,Crude Prevalence,13.84,,,13.4,14.3,3160
2022,2022,WA,Washington,,Medicare FFS MA,,,Percentage of people with diagnosed cataract who had a treatment claim,Cataract surgery,All Ages,Both sexes,"Black, non-Hispanic",Cataract,Total,%,Crude Prevalence,12.56,,,11.87,13.29,1070
2022,2022,WA,Washington,,Medicare FFS MA,,,Percentage of people with diagnosed cataract who had a treatment claim,Cataract surgery,All Ages,Both sexes,"Hispanic, any race",Cataract,Total,%,Crude Prevalence,15.66,,,15.03,16.3,1990
2022,2022,WA,Washington,,Medicare FFS MA,,,Percentage of people with diagnosed cataract who had a treatment claim,Cataract surgery,All Ages,Both sexes,Other,Cataract,Total,%,Crude Prevalence,13.67,,,12.74,14.64,700
2022,2022,WA,Washington,,Medicare FFS MA,,,Percentage of people with diagnosed cataract who had a treatment claim,Cataract surgery,All Ages,Both sexes,"White, non-Hispanic",Cataract,Total,%,Crude Prevalence,15.16,,,15.04,15.28,53040
2022,2022,WV,West Virginia,,Medicare FFS MA,,,Percentage of people with diagnosed cataract who had a treatment claim,Cataract surgery,All Ages,Both sexes,North American Native,Cataract,Total,%,Crude Prevalence,,,Value suppressed,,,
2022,2022,WV,West Virginia,,Medicare FFS MA,,,Percentage of people with diagnosed cataract who had a treatment claim,Cataract surgery,All Ages,Both sexes,All races,Cataract,Total,%,Crude Prevalence,14.81,,,14.61,15.01,17720
2022,2022,WV,West Virginia,,Medicare FFS MA,,,Percentage of people with diagnosed cataract who had a treatment claim,Cataract surgery,All Ages,Both sexes,Asian,Cataract,Total,%,Crude Prevalence,15.12,,,11.98,18.71,70
2022,2022,WV,West Virginia,,Medicare FFS MA,,,Percentage of people with diagnosed cataract who had a treatment claim,Cataract surgery,All Ages,Both sexes,"Black, non-Hispanic",Cataract,Total,%,Crude Prevalence,11.02,,,9.92,12.2,330
2022,2022,WV,West Virginia,,Medicare FFS MA,,,Percentage of people with diagnosed cataract who had a treatment claim,Cataract surgery,All Ages,Both sexes,"Hispanic, any race",Cataract,Total,%,Crude Prevalence,15.3,,,12.32,18.67,80
2022,2022,WV,West Virginia,,Medicare FFS MA,,,Percentage of people with diagnosed cataract who had a treatment claim,Cataract surgery,All Ages,Both sexes,Other,Cataract,Total,%,Crude Prevalence,13.5,,,10.16,17.45,50
2022,2022,WV,West Virginia,,Medicare FFS MA,,,Percentage of people with diagnosed cataract who had a treatment claim,Cataract surgery,All Ages,Both sexes,"White, non-Hispanic",Cataract,Total,%,Crude Prevalence,14.91,,,14.71,15.12,17190
2022,2022,WI,Wisconsin,,Medicare FFS MA,,,Percentage of people with diagnosed cataract who had a treatment claim,Cataract surgery,All Ages,Both sexes,North American Native,Cataract,Total,%,Crude Prevalence,15.51,,,13.74,17.41,240
2022,2022,WI,Wisconsin,,Medicare FFS MA,,,Percentage of people with diagnosed cataract who had a treatment claim,Cataract surgery,All Ages,Both sexes,All races,Cataract,Total,%,Crude Prevalence,12.34,,,12.24,12.45,49410
2022,2022,WI,Wisconsin,,Medicare FFS MA,,,Percentage of people with diagnosed cataract who had a treatment claim,Cataract surgery,All Ages,Both sexes,Asian,Cataract,Total,%,Crude Prevalence,13.51,,,12.36,14.72,450
2022,2022,WI,Wisconsin,,Medicare FFS MA,,,Percentage of people with diagnosed cataract who had a treatment claim,Cataract surgery,All Ages,Both sexes,"Black, non-Hispanic",Cataract,Total,%,Crude Prevalence,9.83,,,9.36,10.33,1440
2022,2022,WI,Wisconsin,,Medicare FFS MA,,,Percentage of people with diagnosed cataract who had a treatment claim,Cataract surgery,All Ages,Both sexes,"Hispanic, any race",Cataract,Total,%,Crude Prevalence,12.98,,,12.18,13.81,870
2022,2022,WI,Wisconsin,,Medicare FFS MA,,,Percentage of people with diagnosed cataract who had a treatment claim,Cataract surgery,All Ages,Both sexes,Other,Cataract,Total,%,Crude Prevalence,12.75,,,11.16,14.47,210
2022,2022,WI,Wisconsin,,Medicare FFS MA,,,Percentage of people with diagnosed cataract who had a treatment claim,Cataract surgery,All Ages,Both sexes,"White, non-Hispanic",Cataract,Total,%,Crude Prevalence,12.41,,,12.3,12.51,46200
2022,2022,WY,Wyoming,,Medicare FFS MA,,,Percentage of people with diagnosed cataract who had a treatment claim,Cataract surgery,All Ages,Both sexes,North American Native,Cataract,Total,%,Crude Prevalence,18.58,,,13.73,24.28,40
2022,2022,WY,Wyoming,,Medicare FFS MA,,,Percentage of people with diagnosed cataract who had a treatment claim,Cataract surgery,All Ages,Both sexes,All races,Cataract,Total,%,Crude Prevalence,17.06,,,16.66,17.47,5590
2022,2022,WY,Wyoming,,Medicare FFS MA,,,Percentage of people with diagnosed cataract who had a treatment claim,Cataract surgery,All Ages,Both sexes,Asian,Cataract,Total,%,Crude Prevalence,16.9,,,11.14,24.1,20
2022,2022,WY,Wyoming,,Medicare FFS MA,,,Percentage of people with diagnosed cataract who had a treatment claim,Cataract surgery,All Ages,Both sexes,"Black, non-Hispanic",Cataract,Total,%,Crude Prevalence,15.04,,,9.01,22.99,20
2022,2022,WY,Wyoming,,Medicare FFS MA,,,Percentage of people with diagnosed cataract who had a treatment claim,Cataract surgery,All Ages,Both sexes,"Hispanic, any race",Cataract,Total,%,Crude Prevalence,17.41,,,15.21,19.79,190
2022,2022,WY,Wyoming,,Medicare FFS MA,,,Percentage of people with diagnosed cataract who had a treatment claim,Cataract surgery,All Ages,Both sexes,Other,Cataract,Total,%,Crude Prevalence,19.35,,,12.81,27.42,20
2022,2022,WY,Wyoming,,Medicare FFS MA,,,Percentage of people with diagnosed cataract who had a treatment claim,Cataract surgery,All Ages,Both sexes,"White, non-Hispanic",Cataract,Total,%,Crude Prevalence,17.04,,,16.62,17.46,5290
2022,2022,US,National,,Medicare FFS MA,,,Percentage of people with diagnosed cataract who had a treatment claim,Cataract surgery,All Ages,Both sexes,North American Native,Cataract,Total,%,Crude Prevalence,16.48,,,16.18,16.79,9480
2022,2022,US,National,,Medicare FFS MA,,,Percentage of people with diagnosed cataract who had a treatment claim,Cataract surgery,All Ages,Both sexes,All races,Cataract,Total,%,Crude Prevalence,14.4,,,14.38,14.41,2672000
2022,2022,US,National,,Medicare FFS MA,,,Percentage of people with diagnosed cataract who had a treatment claim,Cataract surgery,All Ages,Both sexes,Asian,Cataract,Total,%,Crude Prevalence,12.87,,,12.8,12.95,87970
2022,2022,US,National,,Medicare FFS MA,,,Percentage of people with diagnosed cataract who had a treatment claim,Cataract surgery,All Ages,Both sexes,"Black, non-Hispanic",Cataract,Total,%,Crude Prevalence,11.9,,,11.85,11.95,206100
2022,2022,US,National,,Medicare FFS MA,,,Percentage of people with diagnosed cataract who had a treatment claim,Cataract surgery,All Ages,Both sexes,"Hispanic, any race",Cataract,Total,%,Crude Prevalence,13.37,,,13.32,13.42,219400
2022,2022,US,National,,Medicare FFS MA,,,Percentage of people with diagnosed cataract who had a treatment claim,Cataract surgery,All Ages,Both sexes,Other,Cataract,Total,%,Crude Prevalence,13.53,,,13.37,13.7,22360
2022,2022,US,National,,Medicare FFS MA,,,Percentage of people with diagnosed cataract who had a treatment claim,Cataract surgery,All Ages,Both sexes,"White, non-Hispanic",Cataract,Total,%,Crude Prevalence,14.89,,,14.88,14.91,2127000
2022,2022,PR,Puerto Rico,,Medicare FFS MA,,,Percentage of people with diagnosed cataract who had a treatment claim,Cataract surgery,All Ages,Both sexes,North American Native,Cataract,Total,%,Crude Prevalence,,,Value suppressed,,,
2022,2022,PR,Puerto Rico,,Medicare FFS MA,,,Percentage of people with diagnosed cataract who had a treatment claim,Cataract surgery,All Ages,Both sexes,All races,Cataract,Total,%,Crude Prevalence,13.1,,,12.95,13.24,27870
2022,2022,PR,Puerto Rico,,Medicare FFS MA,,,Percentage of people with diagnosed cataract who had a treatment claim,Cataract surgery,All Ages,Both sexes,Asian,Cataract,Total,%,Crude Prevalence,,,Value suppressed,,,
2022,2022,PR,Puerto Rico,,Medicare FFS MA,,,Percentage of people with diagnosed cataract who had a treatment claim,Cataract surgery,All Ages,Both sexes,"Black, non-Hispanic",Cataract,Total,%,Crude Prevalence,,,Value suppressed,,,
2022,2022,PR,Puerto Rico,,Medicare FFS MA,,,Percentage of people with diagnosed cataract who had a treatment claim,Cataract surgery,All Ages,Both sexes,"Hispanic, any race",Cataract,Total,%,Crude Prevalence,13.08,,,12.94,13.22,27690
2022,2022,PR,Puerto Rico,,Medicare FFS MA,,,Percentage of people with diagnosed cataract who had a treatment claim,Cataract surgery,All Ages,Both sexes,Other,Cataract,Total,%,Crude Prevalence,,,Value suppressed,,,
2022,2022,PR,Puerto Rico,,Medicare FFS MA,,,Percentage of people with diagnosed cataract who had a treatment claim,Cataract surgery,All Ages,Both sexes,"White, non-Hispanic",Cataract,Total,%,Crude Prevalence,17.88,,,15.46,20.52,160
2022,2022,VI,U.S. Virgin Islands,,Medicare FFS MA,,,Percentage of people with diagnosed cataract who had a treatment claim,Cataract surgery,All Ages,Both sexes,North American Native,Cataract,Total,%,Crude Prevalence,,,Value suppressed,,,
2022,2022,VI,U.S. Virgin Islands,,Medicare FFS MA,,,Percentage of people with diagnosed cataract who had a treatment claim,Cataract surgery,All Ages,Both sexes,All races,Cataract,Total,%,Crude Prevalence,14.13,,,13.21,15.09,770
2022,2022,VI,U.S. Virgin Islands,,Medicare FFS MA,,,Percentage of people with diagnosed cataract who had a treatment claim,Cataract surgery,All Ages,Both sexes,Asian,Cataract,Total,%,Crude Prevalence,,,Value suppressed,,,
2022,2022,VI,U.S. Virgin Islands,,Medicare FFS MA,,,Percentage of people with diagnosed cataract who had a treatment claim,Cataract surgery,All Ages,Both sexes,"Black, non-Hispanic",Cataract,Total,%,Crude Prevalence,13.69,,,12.65,14.78,560
2022,2022,VI,U.S. Virgin Islands,,Medicare FFS MA,,,Percentage of people with diagnosed cataract who had a treatment claim,Cataract surgery,All Ages,Both sexes,"Hispanic, any race",Cataract,Total,%,Crude Prevalence,13.76,,,10.76,17.23,60
2022,2022,VI,U.S. Virgin Islands,,Medicare FFS MA,,,Percentage of people with diagnosed cataract who had a treatment claim,Cataract surgery,All Ages,Both sexes,Other,Cataract,Total,%,Crude Prevalence,,,Value suppressed,,,
2022,2022,VI,U.S. Virgin Islands,,Medicare FFS MA,,,Percentage of people with diagnosed cataract who had a treatment claim,Cataract surgery,All Ages,Both sexes,"White, non-Hispanic",Cataract,Total,%,Crude Prevalence,16.95,,,14.34,19.82,130
